,index,region,name,2007_area_gain,2008_area_gain,2009_area_gain,2010_area_gain,2015_area_gain,2016_area_gain,2017_area_gain,2018_area_gain,2019_area_gain,2020_area_gain,2007_area_loss,2008_area_loss,2009_area_loss,2010_area_loss,2015_area_loss,2016_area_loss,2017_area_loss,2018_area_loss,2019_area_loss,2020_area_loss
0,3,ASM,American Samoa,0.0,0.0,0.0,0.0,0.0,0.0,0.0,0.0,0.0,0.0,0.17684054765173143,0.3536762606223718,0.5894626906448962,0.5305158414169381,0.2357815384697819,0.2357815384697819,0.2357815384697819,0.2357815384697819,0.4126148591104368,0.707347057892497
1,5,AGO,Angola,241.98722111595887,376.22376250395814,389.15186583473815,381.4052665081051,402.31187077768266,374.2688066379834,416.6510379842543,389.60974673894736,407.3617260824941,413.7461406977844,693.1111737585628,1017.9250076597732,988.6863947348522,1011.9743535083619,1100.4198264358452,1378.0721396151353,1405.757315632986,1647.6596199986752,1561.6726563691575,1673.8009204508598
2,6,AIA,Anguilla,0.11565442971011157,0.11565442971011157,0.28913542749246535,0.6939248534534549,0.9830614307537994,0.809580073648516,0.5782719329126528,0.4047905039554457,0.23130936245897787,0.23130950618079188,1.3299829991317622,1.503453279377356,1.5034870133827236,1.0987083049507942,0.4626078636371367,0.4047802894617179,0.40476906861757417,0.9251918484320036,1.098693706466491,0.9830383425513272
3,8,ATG,Antigua and Barbuda,8.995709160165699,25.94502583028714,32.90367701923377,51.64643632008764,43.5817321342518,46.71087740344043,51.80932258876673,61.494494042054335,66.0170708065418,69.67043446860251,79.2447898823525,98.16576026095743,95.67184361790856,70.7233748087278,58.24495615187307,41.77140114846746,36.66997723267464,37.657867320726986,46.12991734281861,60.46646677715799
4,11,ABW,Aruba,0.4750565548108766,0.4750565548108766,0.5344406386240411,0.5938260148980778,0.7719784651932324,0.7719784651932324,0.7719784651932324,0.6532135301394586,0.6532135301394586,0.6532135301394586,9.323233592377452,12.886244790242225,13.59884170804054,13.301919346920513,12.054890432514735,12.054890432514735,12.054890432514735,14.667765001389878,14.667765001389878,12.411198218379004
5,12,AUS,Australia,18852.336218028202,28084.20949273244,29568.536194396245,27265.609491241717,24755.049799756987,23617.031746152155,25262.239150866364,26919.167140560916,27658.727383007878,26985.07165654039,45326.374213667594,72115.6279081493,73782.33659862177,78612.33916894459,86884.19643228351,92458.1580214159,90805.06479931434,86725.17573161889,84687.25637197455,90141.15021853673
6,15,BHS,Bahamas,300.3759960096012,683.8522146601646,1054.1646655126372,989.6062165696574,815.3443713955509,651.1988226765561,817.0960034566041,945.3265577352038,1192.9423494009775,1346.0244835613191,10776.357491497052,18770.49892196158,19392.30804641862,24079.919835549666,26655.231433321365,26368.723789077987,25567.206328948767,25177.946910266688,23462.003069140992,20563.993265601825
7,16,BHR,Bahrain,26.205569993371086,31.355859690503536,32.94468920745337,25.445517003363186,2.737247816640238,1.1492920480433615,1.1500676004213837,2.0821436852888193,1.5891581039220293,2.0243741644152338,4.718759424227476,5.102585309052768,5.1572735225054,5.593711828387393,7.563000654277673,7.947009881036648,7.5079295233150996,6.904198841737518,7.178622646102435,7.783103039547194
8,17,BGD,Bangladesh,15615.90521781856,18367.557754093694,19305.660670429497,20588.13693017978,23729.36575858349,25658.02586006443,24925.074644684,27239.672847705337,27378.53547883975,28870.994257008668,10640.76541380469,14062.11177077198,15897.003452996798,17429.900563795665,22541.66114826792,23891.702216673937,24306.277963864064,23820.539495956396,24700.164312244637,25033.603967202198
9,18,BRB,Barbados,0.533280049503915,1.0665521977180126,0.8887973274966655,1.185058008936032,0.5925271331126113,0.23700761974861573,0.1777544541289789,0.2370051763948629,0.5332618549784562,1.1850457404836987,0.0,0.2370029930639492,0.2370029930639492,0.0,0.23701338997725996,0.4740243366374027,0.5925287964117978,0.651782221849288,0.4147686759856777,0.11850440772621341
10,21,BLZ,Belize,596.1020799377608,925.3630112809267,899.1974881845504,777.3291100857589,685.6709161815268,661.369004391336,746.9560151620358,1038.1244551358093,1184.6307169674142,1152.709804411136,2167.3582491823527,3361.5243926975536,3722.842166886603,3991.6483718489903,4238.846264059864,4404.492626036411,4232.964589440373,3793.3682236024,3614.3195228707345,3805.552084540094
11,22,BEN,Benin,101.26575354091968,212.9262541462471,349.12428312599184,450.4565312871546,506.4706844157736,528.2199731801553,533.8387496562367,514.5018566678274,505.19774803058715,527.6737377430887,775.580443189557,1026.929506310875,973.0237840688995,734.4092192500976,583.8234242314186,481.23037864132505,501.28617199857905,493.02479643785483,513.2710992525654,588.3880065441831
12,26,BES,"Bonaire, Sint Eustatius and Saba",0.5946840627511244,0.7136209140109795,0.7136196121076583,0.5946817484898995,0.6541494749678954,0.7136167668080379,0.8920164730398333,0.7136133425059392,0.6541467739646648,0.8325529909517477,34.96670292722805,44.541096224776936,48.76331274041925,55.8993290800424,61.78649313428866,65.77079176776452,64.165232981549,65.29513506337055,66.90074195384373,64.58151330647235
13,30,BRA,Brazil,22912.535573059333,32306.37470767843,34103.386437400186,33120.12372721652,39437.2195352614,49041.21507098292,59384.553997683535,66170.66998114999,70811.19730846607,71210.28038500441,34626.83566828166,48296.102219450695,50203.36956994426,53841.67103417131,65726.54937809732,70109.23885883411,71048.61768618527,74942.4330107777,79940.7406153308,81108.42961296157
14,31,VGB,British Virgin Islands,3.7499636212963576,5.653232908445214,7.960682622248621,10.38368846434553,11.190870040416069,12.977160913638205,16.4914609953174,16.83713999986466,14.243338294370075,17.702703787156125,11.764014904116287,15.108839615016539,13.089735257846336,12.224606137984686,10.60964120112686,9.802284648592073,12.05168207376296,10.898669989005594,11.76493361996958,11.24690380759148
15,32,BRN,Brunei,99.33916903484268,144.64829288397036,172.75465083328424,172.69439958726048,179.72129459129846,165.42554380806834,166.75816304306738,185.71795567990628,242.3544297287549,248.83550733765682,82.62110032095738,147.85738523863446,136.52908088268774,151.8539846610118,206.37347708453322,232.66369982600926,230.18052431405255,195.83504123438522,170.39202847230342,211.4601103039927
16,36,KHM,Cambodia,165.4522239601518,342.8569196818562,327.37021342641873,350.24156794147444,371.95083642092004,420.17237251169263,458.64390313944796,479.9766819211329,611.1989096850015,812.3095379618189,2316.9567673009883,3298.4875716336182,3554.6607532814887,3712.994263782707,4186.2377057518715,4289.602711521929,4239.472160541477,4071.5857478054468,3816.832895542446,3366.723367015666
17,37,CMR,Cameroon,1666.433384332855,2267.1281180729848,2404.8137095408774,2698.162017667968,3190.073775733273,3101.358965132519,2960.423835914693,3008.2312310619322,3338.632293235789,3429.9961442108224,778.5242501471664,1477.2835352600846,1604.856189860673,1692.6432464147415,1726.7545334474305,2161.3635230580458,2359.380163434897,2430.0322441965723,2287.4647609302115,2705.146034815071
18,40,CYM,Cayman Islands,21.022116293125045,27.797404169757762,25.213248162153832,22.915391799032705,19.583718730666902,17.687966615189914,16.884186347429175,18.494359620464053,25.56057600146195,25.6184541729423,173.95500646075243,228.00094474919092,234.48888997648513,247.35136291384708,274.0607214048206,283.5370098570593,281.3513453595547,275.43342278473455,270.4356859354761,277.67596150102315
19,44,CHN,China,2153.935495750287,3253.755112872647,2993.2617782272646,2122.2792514545395,1629.448555137276,1656.302567475702,1874.569605673543,2207.686252692501,2686.893805260163,2745.976433371193,4789.649840605882,6701.813911751484,7114.705827711577,6521.544101316393,5438.405184800244,4914.510349292868,5028.310691182304,5723.674903502838,6258.80781136412,6589.368285634464
20,47,COL,Colombia,4492.842060970196,6722.21124357493,6996.952828934198,7092.24730921596,7304.069098708685,7320.266415765649,7619.301866874767,8487.595152271375,8798.18986369158,7975.588087998214,15368.048707933727,19223.440455577867,18507.853002799253,17661.407073960705,19131.782183182502,20100.731472329528,20427.628197686827,19319.784558381194,18063.627556236373,17583.522298525368
21,48,COM,Comoros,1.3667813145157854,2.4958834830969043,2.7933264346419437,1.9020484268167166,0.8917783179797026,0.7729345823050642,1.1886772717752994,2.4960140148891337,2.317770236523206,0.7133876595751345,0.2376581242388801,0.6536341154794729,0.8913583013502697,1.4855845708766042,2.436634874150206,2.8528597901011166,2.3182715474316096,1.1885228663461325,0.8320348206750224,0.41612721942498304
22,50,CRI,Costa Rica,1180.2059691039585,1554.9645063544776,1691.3519542755432,1736.3719480815425,1795.0565362136483,1826.638759097801,1855.386574309603,1753.7324302302386,1626.8304105949665,1663.7554317898264,782.6918354976848,1192.0368205244013,1287.749851650817,1392.0965189660396,1601.5926818458377,1664.2157487044078,1687.6648807430565,1821.472023410579,2279.3741890804854,2781.7052640603065
23,52,CUB,Cuba,4817.6226188615365,6821.876038516387,7243.395497629769,7041.487653201143,6240.770512600303,6079.924633780299,6407.989452262632,7598.411858208788,8692.828616822982,8915.17220826654,24491.872905315493,32896.15564144664,33192.07197900381,36561.38613991361,45234.697824257615,48430.15822479102,47542.56283118672,45845.039977501765,46196.349339110326,46782.8459821762
24,53,CUW,Curaçao,0.0,0.0,0.0,0.0,0.0,0.0,0.0,0.0,0.0,0.0,0.0,0.0,0.05947365145284436,0.11894879410380917,0.11894879410380917,0.17842369629931343,0.11894860173839092,0.11894860173839092,0.11894860173839092,0.11894860173839092
25,56,CIV,Côte d'Ivoire,155.8152981743271,260.7635004400596,283.53584928115026,268.5203042007827,208.93202922530966,183.43561674698955,181.799482198146,196.70014093138275,211.53770369789174,222.6220170148876,153.78449553906714,253.6565741342855,268.8412985656507,294.5118862408976,497.80816084504477,621.9609965776864,679.917705128207,683.489324710691,668.4091464640602,663.3159414317181
26,57,COD,Democratic Republic of the Congo,203.39847778342948,273.8369253438605,261.5016592529863,213.0696068051662,215.61049766938123,227.94612046137837,255.81938478949388,285.20443349539613,371.8500876071863,384.6688183581816,200.7399166112815,362.4813851235208,361.9973144964549,417.68546438493206,433.2243891626568,471.8613128134855,478.8756806920509,475.67067231242845,486.6747893893664,545.6866545241506
27,59,DJI,Djibouti,9.286605580394305,11.906366338860508,14.23083839350186,15.89870604663432,26.86164841113236,32.04511379212771,31.329615518536883,32.51952858418667,32.87525559340814,33.70905488930706,199.76662602177078,265.19008116335317,280.9377641488696,279.7277495516865,247.31802765630388,230.80105116509074,233.69486541846967,227.9151459881452,222.61984686410983,213.39824420843834
28,60,DMA,Dominica,0.0,0.0,0.0,0.0,0.0,0.0,0.0,0.0,0.11721167861713108,0.1758175179256966,0.05860583930856554,0.05860583930856554,0.05860583930856554,0.11721167861713108,0.11721167861713108,0.11721167861713108,0.05860583930856554,0.05860583930856554,0.0,0.0
29,61,DOM,Dominican Republic,332.0816439717828,401.66429405538634,426.90147407125244,403.4221223038773,383.13100172165196,366.3118906847496,358.104751140389,373.36312224698725,381.9675448365823,395.41424274189524,372.187253679588,588.8061470447614,654.8802658987444,886.3983024376289,1077.3338347341532,1194.8290805718552,1176.439768308546,1111.6215787744275,1030.0341286198234,996.3005682617759
30,62,ECU,Ecuador,3472.9777566756948,5421.803944667338,5320.66867773754,5476.110409354111,6368.82147529691,6883.689621544352,6843.0106277542745,6806.331120536479,7533.042818140293,7809.813677936221,9656.612512419226,14691.352755502709,15426.715013872794,15945.35287968317,15913.171476339583,16229.30900374944,16165.175547668092,15889.073554590073,15380.439405513502,15594.454855138614
31,63,EGY,Egypt,1.1436146229345878,1.7901952620338002,1.7356280346175281,1.6281490455555736,1.6835503040308888,1.3611162556130354,1.5796234194606602,1.6316601266041126,1.6325340759530136,1.3612308165867992,99.27076856501232,119.44709971077607,119.61926863886988,120.61637971083917,124.46612804958359,122.06127015687872,120.27578692146002,116.33919239223042,113.63346744153682,92.0467606231044
32,64,SLV,El Salvador,518.7850979990171,876.0310124685401,880.8768858328779,719.574824523686,417.021481343715,312.1310630307295,483.0385634965363,500.6844501701675,411.58309994696464,463.67819176834234,304.17344935831176,475.8351180235139,464.89018364232436,446.36460568217683,498.3954158995925,501.01003980073085,471.1719796611122,494.3205985899667,677.6420704890188,905.9054257882286
33,65,GNQ,Equatorial Guinea,100.57806210926809,173.9312462821752,235.06957540223408,232.69950028171462,214.58912338121394,178.48991744098785,173.3847648185266,142.14660472615512,145.91401796543582,170.70957234191152,61.56099440752732,153.6279454432033,129.01502715198015,115.64469991077586,134.11786105691766,240.950947888918,286.9539158623289,283.18592315984625,225.45147551813247,226.48220559825654
34,66,ERI,Eritrea,84.49311139885745,125.74429432603701,137.75003761236275,151.06243520624736,167.49412190846795,181.29246523453108,196.27025109871147,204.237140488635,183.34282412351124,159.84561839310848,1518.352710938536,2161.0311668474787,2100.644248298113,2127.978706609565,2088.357006528982,2134.255509424867,2027.9362256447266,2002.7910155132354,2101.1972622644093,2155.109963991329
35,71,FJI,Fiji,399.9288762235267,801.6060114324999,998.0771813677336,1007.7061861661431,1194.342568286803,941.0619988516398,976.8311466579084,979.0970006406492,1302.224015305668,1383.1967899444257,456.5387570322972,744.6711233992318,795.0949374703646,782.0976826583371,730.2810879749107,698.8478284165228,710.022100114472,800.1293105568132,958.2487545369194,1114.1001775437467
36,74,GUF,French Guiana,7258.751244639755,8734.795337338797,9441.4627474347,9759.777246665075,11298.266463541522,12329.098777446974,12884.963340430302,12888.870151989126,12806.64411347793,13582.39948732291,8490.289661368955,9391.913280216731,9325.129058741553,9285.56755751123,8724.18081883796,8722.680547109605,8698.846313342028,8821.122897135352,9186.062233456392,9458.817516429173
37,75,PYF,French Polynesia,0.4641234711770935,0.6381689426023359,0.5800091069970814,0.4060383415488654,0.46410925760739064,1.1600328846019938,1.6244031207553722,2.088539468913408,5.162142254345897,6.1482075888905925,2.0298964141965175,2.8999739104056914,3.1898723370305175,3.5959509554763978,3.3639703611753493,3.3059501449459487,3.6533692086012457,3.3632599045508993,2.435605319340955,2.493558794258571
38,77,GAB,Gabon,857.3531648353966,1229.6318628564834,1398.4288641161718,1271.639699337439,1057.1271555923593,872.960293171086,942.5929707764733,1047.6384147491572,1219.1660916293076,1239.4730885077986,1183.7786649234095,1878.6051344571642,1809.4802028927222,1796.6427539714941,1932.9747069064028,2375.635733237233,2338.07203575208,2318.9866407143563,2427.6669434355103,2881.090681595329
39,78,GMB,Gambia,1673.309052954087,2216.966503677725,2319.6725805142023,2325.8772770070937,2168.157652241136,2181.072074537581,2306.1722800408616,2524.5055110780577,2545.3438254222933,2517.5377193458326,862.1990045501165,1518.4536803184874,1507.1665696951031,1623.7359040632882,1998.0316134942177,2422.2149001355983,2343.3923493860766,2150.939875923817,2052.1721499337655,2337.9953402914666
40,81,GHA,Ghana,1228.5828175573054,2493.3268947665474,2930.2581802172017,3383.8552132062714,3562.918171060854,3522.9202327144094,3376.255213667655,3264.44313405933,3360.3735490802364,3592.423177794778,4785.213021239663,5639.877607863152,5154.125555666056,4084.4156000077614,3375.257926835763,3223.7506847864856,3307.452074828513,3515.068454670321,3583.542117146621,3850.664665996435
41,85,GRD,Grenada,2.613800115152858,5.644020569142682,5.6439494854190535,5.941532831008037,4.694075327925044,4.159266937693339,3.3867418889693055,4.278983646903521,5.527170637289845,7.130974593270065,1.9609791209879843,5.406868499571935,5.703573598954514,6.35733428744333,6.357286926167646,6.774091951488128,8.200003147568284,7.071074684025291,7.130376988015161,8.378316260087123
42,86,GLP,Guadeloupe,49.694887955116535,66.04739771457282,79.36263308910424,68.96858948416289,57.98689512020537,57.168030567567094,55.9996776967531,54.42449829193276,59.506139322868506,66.92195400975511,41.81115922788972,52.67315743970545,50.687073571834205,51.272107979621396,44.5024260998275,40.12358852010083,38.722052341574454,36.03369954253014,49.0529895605597,64.40941022246864
43,87,GUM,Guam,0.0,0.0,0.0,0.0,0.5325965415062153,1.0059784656756816,0.7693355467494652,1.420308713812258,1.893760913222771,2.4264964047801425,0.0,0.0,0.0,0.0,0.4142717057297896,1.0651309376079412,2.130079401059479,2.307512991409468,1.8932931615257806,2.0115242656858436
44,88,GTM,Guatemala,434.4004106105126,694.159567531377,791.1977874849822,691.1635779415283,616.4150499546788,640.9908556763212,677.5969674165945,746.1381492584071,909.8895858377541,1046.541833142464,1021.7920646453047,1311.9777894519284,1199.3147793084422,1079.6081980982485,1035.1371288752187,977.3836400346056,839.4445983768493,808.6522091195898,988.1687298591116,1124.3532136648412
45,90,GIN,Guinea,3304.316539204161,4459.076246358138,5099.739023051463,4678.164699502195,4446.910863544774,4117.590352996161,4576.064859224691,4936.6232615206545,5465.965601984263,5849.756720188993,3631.3977262150233,7795.59853195132,7327.73943106121,7901.55623134149,8698.158020561359,10662.648796258347,10958.236562091966,11658.846835175154,13491.217924500543,14697.25204303425
46,91,GNB,Guinea-Bissau,6698.91194673001,8172.522201640091,8064.295355738694,8284.895649187045,8422.270677421495,8158.933722076388,8233.41519146332,8650.063855796214,8823.675063429197,8367.890381213103,6009.956908649245,11051.453381090498,12498.634382587168,12782.109529922498,12440.043907354122,14015.39602033086,15322.753569760029,14730.344010259609,13711.875852063478,15658.184267046312
47,92,GUY,Guyana,1119.0209801512249,1322.5706935993833,1357.0574270103489,1446.2617145209451,1673.2218683822675,1988.4071446123612,2035.384369058709,2026.140056487413,2035.2236447113255,2263.77193817768,1678.2388559032754,2129.9224189191905,2334.9874340734873,2507.734199963099,3326.1257590843393,3577.5064976714602,3758.5515291133,4078.158328492424,4372.017165743065,4843.049086651077
48,93,HTI,Haiti,233.0222695728617,277.9097435638025,290.3368286875529,291.0537591836132,295.3455775812575,301.8238285896411,308.576348611651,360.54178929710343,401.12669196629923,407.21644497382886,1282.1582319911968,1556.1890943124527,1559.4853184821686,1803.5352469973857,2163.9039963665764,2358.7940433958784,2304.2134932609188,2129.4397118455445,2041.2387599216727,2067.606538910078
49,95,HND,Honduras,3118.4036150082225,4450.130081412713,4758.087606580481,4302.579667382135,2363.984171724488,1764.8126523741773,1994.1053161574803,2187.9758659702693,2165.6778965742146,2202.136200559458,2097.0775031331705,2995.856430896484,2855.4614168573844,2659.546177898049,2795.8873153555983,2883.0272933778533,2675.648435402454,2700.9670768974665,3719.974674443968,4656.498665007056
50,98,IND,India,17348.658145281017,21220.45568716845,22597.51566897505,23142.8120001679,25903.319251662037,28952.902419045407,29543.10442981816,30681.41311229981,30997.350280681614,30043.41215260158,24281.942914933003,32041.9728089296,33234.99023288435,34959.602916875,33062.90035380809,33713.493952662546,33596.752316761806,33715.80250027089,35808.10921954603,40413.02100759065
51,99,IDN,Indonesia,29803.76397392096,42604.58120952589,45772.541302669815,47539.947897436025,52843.19522981674,56879.00572310741,60838.073118204724,66506.19738765695,69958.36313354872,69800.5205306069,154079.17405557947,217215.53003530626,233031.70914279053,245336.0928650793,274408.6243672838,292700.9117861348,302887.176894469,308364.7884693095,308948.69730938505,295929.1876521003
52,100,IRN,Iran,218.60776076704548,318.07123718564384,342.48547521921256,352.0582087183122,449.1661353029929,423.6355854379966,431.6253351896946,574.7669593099267,753.5071480975607,727.105405629562,2745.6864701396785,4135.866580325342,4061.861069125598,3969.8199327271827,3729.3679832136045,4214.967409447449,4335.563993541025,4335.353285798271,4114.123391858513,4732.393705142691
53,105,JAM,Jamaica,457.46334444663984,538.4207013496401,512.2117048501502,381.25381082098727,160.91471962792892,95.58557151893743,75.94457967119409,83.40844014643028,101.87419832675461,118.78366845191917,48.449369882028904,107.40242930994312,149.57898466994408,311.0619812830299,714.591924926713,877.0180541753216,919.1630429400295,893.235683404324,888.7932739087664,902.6919674043049
54,106,JPN,Japan,14.451707119672141,24.924882258529966,28.480659425542772,27.726183415415264,24.38949529732055,21.309992455008,17.528021477934107,18.695039889382652,27.052559679518,32.84560274739165,22.481985843763816,40.06874358562403,46.379644343055524,50.02684055979093,50.80197519222632,54.261836794243536,54.265093151254,43.31243853819336,36.184753580421365,40.13064349751805
55,110,KEN,Kenya,764.2304306821775,1227.5680558335496,1378.1737655655863,1383.0357232073475,1269.2802547092815,1176.3199130301596,1228.9858525674533,1503.1358752521655,1829.0276743214997,1985.8777436633554,1574.1820108788897,2412.076347783232,2251.5207542287953,2169.390537260605,2410.572255685544,2678.930049105589,2600.7699225079264,2403.0793223691985,2485.441972731895,2769.416385358582
56,118,LBR,Liberia,424.14618158294644,588.2319575331302,626.6197563074694,643.8940334992941,627.4182276898993,619.0621564232499,634.5262592712377,630.2034922327761,612.5757024148015,587.2680258713459,250.4317908510357,408.9101157505446,419.3715034052125,417.09254500008007,458.18076258912885,567.5543776891527,564.0078249831362,638.1932462457173,758.2271392510889,1049.7335028260177
57,124,MDG,Madagascar,3928.5142161724557,5038.955102094796,5329.643937063298,5523.010970343521,6257.144394609898,6746.154254604978,7285.424720248852,7940.51976812551,8491.360027719124,8843.65477149478,8760.084091926388,11956.745824730859,12248.532092851572,12965.014209941946,14011.234739624417,15359.33635540756,15691.384163544592,15169.433942365857,14747.61392191834,15654.562195484139
58,126,MYS,Malaysia,5723.37234968341,8018.510785403654,8652.529849397515,8875.848608603179,9466.081903204922,9754.097525786197,10321.5452178472,11375.111306287292,12551.650120813209,12719.344848670278,8171.923130839225,12769.62125017575,12888.239132020728,13527.19231371834,16964.206778600514,19263.59785567363,19666.682785230918,19842.57204086622,20543.632620429868,22006.31490453454
59,131,MTQ,Martinique,19.669962284490506,42.51819142266453,51.52826893945602,47.34688269454159,44.637952383436634,30.56335090987842,32.68272187055307,38.57093706481149,60.76895091701397,70.77937018989063,21.848592557324015,44.16673457075336,41.751732115457564,41.633763166203195,38.86656157851918,45.167453789599584,48.4066843524722,46.75847504603544,39.63333029322159,47.64135800501228
60,132,MRT,Mauritania,22.66566912339137,29.096537904597746,29.45125891710262,29.04891806179947,41.67619947268666,40.38590389155387,38.22489946043954,35.53570576277729,44.715644637685,65.21605492508733,32.673747903264186,47.69856300268413,55.359956931947956,66.17240694160844,56.76012895864519,75.69750280874585,81.95165042904544,86.25687031317595,55.43034507996076,42.924779804533486
61,133,MUS,Mauritius,9.31147199594142,11.310805642641533,11.253933626235568,11.539379650701868,13.59455122939855,13.308236749299656,12.681540323418687,13.367715116596234,16.67979686865746,18.621603541207673,133.30864550866295,156.55787894612192,166.2685515026379,173.8131224669465,180.44499664410833,182.67527435513864,190.3245270339585,187.86971279282562,179.8190129558633,175.30916184392422
62,134,MYT,Mayotte,21.820702442110395,31.249071361192478,32.55500783080353,30.30245096476774,19.096485399410753,13.107720068189256,13.403954382624537,17.792282980675466,18.978758949353608,16.13284381284371,10.320392164390267,12.929803850261102,14.472032353664385,14.708585152424732,16.071047859074373,15.951982387563456,14.94452689441037,12.275765808780616,12.097391959888245,17.552762696906797
63,135,MEX,Mexico,14097.556589768936,21697.032147395304,21506.669112419204,20176.607685066072,18108.7747217338,18189.45774366471,19757.70581706596,22919.179696806423,24683.067731289193,25978.726166170058,43513.69567754713,67886.65808152214,77851.30753525542,80410.78048290615,84309.88358643313,83895.57948815821,79991.38737580343,71781.15013254879,71674.82717267596,84463.06911212503
64,136,FSM,Micronesia,15.165001636386545,16.364432616721565,14.798878412862722,4.7423666599058185,1.0840544965470957,1.0840544965470957,1.0840544965470957,1.0840544965470957,18.70037764818157,19.545067984292963,357.95212941000057,380.49976618729903,392.06093483791886,91.06164517391868,20.421343285366405,20.4213432853664,20.4213432853664,20.421343285366405,361.0650072704537,392.5654754733215
65,143,MOZ,Mozambique,4679.799389560816,6917.24775316024,7041.210732620638,7166.592259912336,7607.641682703643,8070.251548036718,8594.186617862373,9743.111377104702,10093.585868569317,9265.792593017135,7530.2199601526145,15208.20379977166,17371.5837131562,18337.036743116896,18998.087270939766,19835.007386346802,19724.875186824698,21743.990719957685,25206.583015821045,30042.44006616719
66,144,MMR,Myanmar,11483.214489189113,15627.995521847772,17047.074920200477,17615.03053749405,18783.861679513604,19761.4528455672,21421.60203779844,23922.569621821247,24696.609448242263,24617.063563317985,44429.74009756898,57418.76531343099,55977.21847147222,61579.14372412228,76907.47514912969,79600.9154889256,78662.69344548768,82218.44901513105,82926.34463929058,75065.21869776091
67,151,NCL,New Caledonia,395.3399950208272,737.1589605485747,807.8579458920518,782.8515193496435,695.6529114027906,636.8781421848944,652.4052017227589,857.1393673486428,1288.3045665413892,1600.073964640563,935.860071453549,1404.567331567122,1673.5950773601226,1642.3777757560467,1530.377170890822,1317.16426998054,1263.723474105279,1122.8280035080263,1010.9107645792405,1127.2474408266653
68,152,NZL,New Zealand,2085.5384624826625,2510.899908250127,2647.416275509915,2753.260332187867,2856.3836351229324,2977.2444058657593,3061.725383466941,3135.2132300831427,3229.5417800075165,3245.3969265746264,1090.328156284764,1531.417411852841,1494.617641194192,1588.070292725507,1677.6913262999176,1858.7807283175866,1924.4157606064541,1915.94320247719,2159.056907842576,2596.7866987337616
69,153,NIC,Nicaragua,2787.190885215874,3911.856807316442,4279.328415864838,3901.9151207624973,2394.5597463421623,1889.019314874457,2174.9878503308505,2418.1346772307543,2523.2617601418924,2380.4453636577846,1977.0282008395134,2828.086366654327,2615.09581195097,2549.0873522107076,2685.7961947757863,2784.680066514397,2795.681296536515,2738.7496814876777,3643.058699742653,4479.161541179001
70,155,NGA,Nigeria,7637.975617383283,10564.767652414177,10769.518406094612,9658.553664921514,9368.534541211266,8288.837483188676,9028.72673686844,8245.293699351172,9291.478456258112,10202.825967782308,14611.936314473342,21366.472981130843,22210.857333271968,22654.796666764414,25115.528088606847,27864.86056672164,28066.522704331997,27912.83183287589,28219.27106468945,31368.092238996214
71,161,OMN,Oman,8.505406924112393,13.872002010197342,17.489278500254056,19.34719980265573,16.602751331001674,14.718764134775345,10.294352553557513,7.6828307037858465,9.106744783256378,12.042666782371317,37.2982503649252,54.920258611657545,52.886249028190534,51.1445198724966,48.57636177904268,50.06258793507392,53.90062288658127,52.15637611511593,49.01095157146743,44.293359193386536
72,162,PAK,Pakistan,2062.1733890797036,2811.086047973116,2715.4813442028612,2550.404673463405,2718.1582713787825,3641.702332638616,4365.266407806068,4791.706188423773,4234.848769756756,2961.5868552851034,10399.268362602426,13720.434532857533,14453.386595412296,16053.083381005266,17247.766498710145,16558.616671743453,14809.418581084159,14260.482245926578,17239.360939807073,25223.16288712248
73,163,PLW,Palau,66.4205858041465,105.60760776522699,115.02923130287513,107.07064033183545,90.79272978068585,83.97957154764342,114.48228184352638,129.49342746086202,107.9795931031879,97.01054074369888,25.80609252533481,54.98482175978742,72.28516812213111,61.134232097530614,43.9524804797525,33.645116401313146,24.240182647551787,35.633954996307054,57.878648251878985,66.61799593431228
74,165,PAN,Panama,2618.1320044054546,3465.956496867311,3708.0352882224556,3747.3446429157934,3681.995494367615,3684.8176159044833,3709.790642577345,3636.090862740205,3356.5399292647908,3124.404978418313,1845.9859789969491,2858.7782796695637,3009.3780362811804,3314.0749646137747,3645.3447889252047,3991.8388955206656,4101.160559799242,4399.09867431622,5084.085470269405,6122.730530406736
75,166,PNG,Papua New Guinea,5973.5100948250765,7831.858359849688,8203.58674348903,8224.138964623244,8984.290524636188,9355.582331699115,9817.32239840078,10413.685918880914,10927.898409348092,11027.444117219968,4754.532008327943,7231.373410487652,7808.472034187666,8858.808447635553,11598.05869289256,13213.160827461666,13862.938465934169,14591.076103024978,16139.976643434877,17643.95509495072
76,169,PER,Peru,243.59225602703094,388.7100951428517,438.5741033792035,457.88119235385034,517.1670374462836,629.7073820884807,718.4516698056207,797.9724613222494,810.5403278326233,760.8225635305123,719.5494860500653,1032.315731989295,1046.7651753008781,1029.0553190795783,1089.9224571416005,1171.3471783755142,1160.3017755940798,1086.5848736740213,1033.8599614482707,1018.2023194773968
77,170,PHL,Philippines,6910.933438020203,10233.95706266982,10702.017511325132,10779.478914647572,11120.44326097158,11688.020393256225,12134.289280039973,13777.16542040726,15314.198495545894,15848.22681124648,15218.357524461182,23625.190555848385,25017.984673738632,25867.123331311228,26107.481065400596,26815.096726207274,27040.355317637946,26255.088358189983,25849.897755964812,26554.482648911853
78,174,PRI,Puerto Rico,485.88463636583265,670.4212702581982,564.8577820608606,495.38287323626815,415.45886478446755,404.6362735797463,411.9708501262637,382.9726532382892,286.1185303553607,274.15279900858707,164.7536265387747,313.81501335521756,395.54588018807215,420.7315739789471,416.86153462484873,391.57922119432254,364.26786901579754,365.78443234883906,453.1924770996316,624.478710847866
79,175,QAT,Qatar,8.836661223937476,17.23708530691487,12.523350196935178,11.428012419942313,9.715299325950031,17.08491204224023,21.33706230811537,40.64689297791571,46.19486155871821,45.984193217517,4.2301789028120655,7.962301193373463,9.004081792021328,9.882987274108862,13.399101711507043,13.345575029651775,14.388091309050104,13.839390774203002,14.333464843952544,14.22369910858359
80,176,COG,Republic of Congo,22.19008520717135,30.19366918332153,33.8924516267882,30.61932082787408,24.19287057800517,22.616700721858987,24.435712965077045,30.377839047606507,38.80593940319115,41.777151899573376,21.645183889984132,34.255244610848294,35.64929356764912,38.55729926433733,46.921546344062065,52.67995706609749,54.37735623268199,52.62070777599567,47.83299134856152,51.65108941676831
81,182,KNA,Saint Kitts and Nevis,2.033439217389624,4.357310449925863,4.0087803693281705,4.066855987624817,2.8468470592772164,1.9753914251277838,1.5686605559497473,1.4524601963236243,2.498441622752855,2.96330481933804,0.8715485744712932,2.1498173732950203,2.2660599843887086,2.905141811720908,3.3698942428850516,3.369923825847382,3.718585288000803,2.7889978875727612,2.0916601866970765,2.0335182143918002
82,183,LCA,Saint Lucia,1.0044368077853099,1.3589426125099435,1.1226289264830143,1.0635441616003785,1.122600372643867,0.8861879476891088,0.41351901213672326,0.8270726114763713,1.3588262033075997,1.4178810506724457,0.5316358879935765,1.4177187469810408,1.77215451668483,1.949434955932944,1.8903541181694705,2.4221837012391045,3.0721553895975537,2.245086545948918,1.7724661530216577,2.2451723866201
83,185,VCT,Saint Vincent and the Grenadines,0.4746700994664804,0.7711588592902356,1.4237495733169157,1.364542894510846,1.305252264864269,0.8303591353602267,0.7116345876784755,1.0083896110813537,1.601645786198014,2.3130174483950716,1.4240195220742207,1.6020355989771369,1.6616228737506775,1.8984808008322762,1.7798778808545028,2.0767349663210277,2.076408030026841,2.0168328382493725,1.779455283281679,1.8987010755332567
84,187,MAF,Saint-Martin,0.0,0.0,0.17357389663280218,0.17357389663280218,0.17357389663280218,0.17357389663280218,0.11571593108853478,0.05785796554426739,0.0,0.0,0.0,0.05785767955199303,0.05785767955199303,0.05785767955199303,0.05785767955199303,0.05785767955199303,0.05785767955199303,0.05785767955199303,0.1157154306033385,0.1735733246508212
85,188,WSM,Samoa,5.668687627328343,9.388807978087797,11.27816192829853,10.038578319024808,9.92064010258799,8.503502194423437,7.6770373524013245,4.961390811077078,7.032241413998475,8.449773164922515,1.9496167005399847,3.0721462169146,3.781027246080538,4.253567492802073,6.557367547110124,7.797512412624395,8.91956140367517,10.689459869270827,10.689284896185658,10.985279579204178
86,190,SAU,Saudi Arabia,2507.1698224287284,3246.5356891562637,2925.092928801434,1643.2818369331173,461.350240763068,359.8291618972793,389.313062376709,366.12889795045237,395.7018800957948,431.3382775176218,1170.3534981074336,1962.0659827322586,2014.0515551672145,2553.7952469387,3179.422237170792,3407.3938550835323,3349.5640701170487,3376.496806227298,3423.6811224077387,3407.5952048261133
87,191,SEN,Senegal,4526.319660242259,5485.039383411386,5585.031494990777,5371.179593948045,5115.3813570710945,4947.832652516905,5064.687699309781,5251.384756166236,5201.393083129177,5143.064209139234,1866.2608501808613,3175.3017345996946,3380.5086279410616,3826.506246692807,4146.517646429705,4790.465464385283,4912.065201493163,4861.089917949027,4442.223111211566,4822.805779521037
88,193,SYC,Seychelles,1.2117229267978824,1.2117229267978824,1.3934686102336356,1.0905650163470462,1.03001293558714,0.5453120792497009,0.7270685862673363,0.727034499211278,1.2117337877583196,1.1511502359244212,0.2423486538902096,0.2423486538902096,0.18177301608564206,0.6058906023138071,1.272348224110335,2.1207519161976625,2.1208666732086527,1.75742299734545,1.2725459871787892,1.3331367011448334
89,194,SLE,Sierra Leone,1634.5092995706468,2279.981531217653,2599.002644269587,2420.071612040462,2412.871187843573,2341.537132765767,2586.4269283836247,2525.4735143028292,2193.7336931785867,1925.8380834305353,2171.703423253382,4812.963189792866,4423.993495405804,4664.671482370762,4243.005145255092,4809.890442576193,4730.049916516193,5717.849704749769,8791.581365283304,11186.29146651518
90,195,SGP,Singapore,4.739921935853436,8.872139248405691,11.78900842411767,12.639810556669591,9.783769368285231,6.137637080228473,7.717646390665113,16.16449807514696,22.36288410578227,26.79889885086163,72.2540953193469,110.66025394845207,103.36792065347801,97.83754536729235,121.8404043647871,137.88312091310556,150.27995232029608,155.2020605230759,164.92481024771953,170.15097029920142
91,199,SLB,Solomon Islands,918.0525606944573,1468.388850216248,1612.4617716933424,1504.3062126075554,1318.8187603626752,1199.7383872063458,1176.921224604702,1413.4007907203961,1907.5293218962668,2034.2651764668044,695.6170021738648,1160.8846399063418,1206.6869091558237,1334.5298379384728,1593.8447533236679,1716.5168423927369,1869.2217203139135,1790.7901243751112,1940.5884055355077,2199.7825590060897
92,200,SOM,Somalia,59.363507963983324,87.29766487084453,96.76747642429221,101.00915974567815,99.43101170050474,103.2672355144436,106.19577461184936,110.5713832245945,113.72554304254791,117.7066914176503,158.89219855683797,225.84468802397998,233.40850494651278,247.07232137825304,262.00898917148385,266.0017036928773,271.10282644853925,275.1668034828272,303.80330707546466,333.3924194323107
93,201,ZAF,South Africa,233.25601877406217,276.70228414571216,282.4383280606464,299.819056375634,345.2653488395361,348.12419565801184,358.19676754778294,370.227189668436,373.1562872647582,360.01355902001137,167.86463473282572,237.09691281879628,246.36741349859855,249.83451446573008,255.05233182492057,279.7072719875721,276.66648534216284,275.428541986516,261.5039895833653,271.6559429298831
94,207,LKA,Sri Lanka,822.2705275539521,1219.0506482791666,995.4585838807955,993.5768249979596,1043.554349591416,1097.0076070517562,1067.327964954928,963.3754165352589,831.0823932187631,1014.9938689318458,3831.2802403448673,7178.082618726632,8489.4734761894,8916.422502693214,8166.697232709709,7256.347440452896,6909.265898464581,7032.088175201643,7949.567422201896,8757.133412227377
95,208,SDN,Sudan,8.779645918977927,12.744423691442085,12.804985874538703,13.44148535244966,13.676516378454053,14.139961492315432,14.429765108999701,14.434053455879596,14.383979673115808,13.982296820476229,562.4810531431305,764.1015909586902,810.8924782696786,888.4618753392406,994.0158715584228,1046.0159947384143,1010.7961999165459,1014.913633479641,1070.6834567347119,1085.5466746033615
96,209,SUR,Suriname,6153.404318529102,8801.610191270134,9544.149922174074,11241.506806589903,14061.118539087018,15046.105260021464,14794.312344951846,14844.11125043119,15229.316451446475,15424.209173377192,6665.690296630552,8036.22765661134,8267.853976084087,7861.247250056722,7725.556731396815,7939.4977495771145,8610.094600112989,8919.938005280948,9457.178610998097,10671.149029794258
97,216,TWN,Taiwan,32.92981306693643,49.07889273139111,49.746476288826614,55.74524555756312,54.05501673313165,34.88218581244415,26.178615088778443,17.85033539592288,10.858307856969144,12.453246055774533,14.681268122620626,27.09644096635421,29.417084783733973,29.590314176173223,30.628750785846954,31.96353911776397,33.38981012666547,39.15496478654047,42.006321679647634,41.10198756741165
98,218,TZA,Tanzania,1470.5994642493827,2264.5743670856305,2362.9626673224666,2262.437069224215,2120.7010207226162,1994.2115201598572,2004.7936601272738,2409.84712623016,2762.279603257186,2867.835786901489,2977.6676926012065,4792.355071721508,4658.865100295901,4922.794394650897,5121.4050905531885,5598.337139108053,5653.4239213983565,5257.554601950181,5320.465553311243,6701.927151736807
99,219,THA,Thailand,2228.5798996443514,3460.851071935158,3588.475226031505,3758.9051396117893,3960.9247414936385,4133.528799689487,4563.7678578573095,5147.866322063448,6157.596309773347,6841.699764374847,11078.374765570414,18048.082659938744,19278.43928972728,19128.403824594705,19129.99492879846,19012.799083647747,18010.12571117331,18888.12878891978,18167.946655775828,16093.587853567764
100,220,TLS,Timor-Leste,48.63949402085571,59.51910409509655,59.03896023166711,58.74052369250053,66.91888961770503,64.51350938834152,70.40564107970906,71.36476915078403,71.96458173112427,67.99708882105426,41.102945699745966,65.0225015113935,64.12085848188455,68.50620008548714,65.62059835408972,65.44017552895502,67.90591246180193,72.41294890115674,67.36409941844158,65.61975504506235
101,221,TGO,Togo,2.7195190171768293,4.290775352266,5.076390517917713,5.620265454074581,4.895049913549021,5.015944724128745,4.532491000112365,5.015948879933516,8.883655389040598,11.240589779575961,14.805989295745622,22.722606239417697,22.84347233999597,21.6953046441135,21.332710157614066,22.29961728565916,21.574427117294896,20.72832148392761,19.45923472768169,16.437608209295277
102,223,TON,Tonga,16.921664441687078,40.025284114701435,50.28688946500864,49.29628665428393,59.29084525282238,65.83105712111545,60.69678164444498,53.55561102795083,41.22530401145283,24.8986819904615,29.225102070882947,46.58060137042173,40.673856466917684,33.69099587825343,28.563284328736568,35.035661064279125,36.37562126654533,39.060407217411615,39.48039353733567,41.24015736333854
103,224,TTO,Trinidad and Tobago,142.90681131640082,190.32913286299055,196.61307227108514,215.63368123437527,241.88856067728318,245.7801170315105,248.35665469488092,288.6576723720017,320.7609203636366,312.391116112407,209.87705756316515,283.691702314438,286.9319394546039,286.7302364971924,325.6451179884417,355.77840298467396,363.55941521403736,295.15608093935253,282.3238974468686,430.40535640681713
104,228,TCA,Turks and Caicos Islands,155.49735955594835,276.4361132797506,298.1560179062128,241.19481962775967,216.96851002623978,292.9192135382128,305.4655390271904,290.6573949055158,309.03650531343436,427.4071327968459,6222.979489040382,7993.772836693702,8059.23849514716,8535.055428608888,7489.255780274809,6835.330699231115,6302.223322466023,6789.772152030365,6678.390614233062,6097.791915394615
105,232,ARE,United Arab Emirates,841.0542612375701,1658.131819745221,1485.5188751760957,941.0708104381181,422.12855972194745,332.68199784787737,486.9067080253526,598.7992312205223,610.6630462397942,602.0794221965082,388.983368817039,647.8309372031813,713.2974431423886,811.0374306015127,832.4875814313385,843.1700399393742,832.840031289493,823.610058611534,793.0590734314023,798.3430647223544
106,234,USA,United States,5588.979158619046,8435.14367509295,9184.377477656648,8135.2096869489205,6191.011837763659,5323.128606569815,4766.80072728981,4183.3474357403275,4803.555847077605,6067.957122958871,7212.863190608399,12402.871152386968,13153.193064362735,15847.995347721371,18358.291521799965,18701.741607223685,18271.08581766672,16802.02612998581,15401.531428320724,15371.388329001707
107,238,VUT,Vanuatu,11.498365104514502,22.466545867460184,36.882158517130186,35.13026828504945,39.27770026004562,28.66092352335603,38.70341764125504,31.72346801761043,36.614301457419025,37.36696620638295,3.9670165641953616,13.000241507513334,15.502847255864431,18.83363507091829,20.934416072885377,22.15886124495529,21.519878636149997,14.64731135714656,22.585461779571993,89.20857655457712
108,240,VEN,Venezuela,5727.888909188314,7508.983558139885,7946.324540998878,8137.160548795611,9377.510807634868,9999.481522322203,10781.361361121368,11568.598016960299,12194.440001914865,12445.486046438673,7054.475131512333,10110.714418478396,10681.83033654209,11061.752776678952,11948.295798760884,12713.832966563812,12561.191028911762,12362.434301954352,12436.327816325127,13061.543842655625
109,241,VNM,Vietnam,4421.6180024948935,6348.349526674554,6905.293414104971,6946.401809395622,8364.571055894585,8727.879242410954,9445.529117738524,8740.296100848986,8478.491879765124,11167.980955401328,10760.008123208889,16352.60491154298,17365.767776641325,17831.251803475694,20449.237044645844,22423.308167690007,23256.31238377085,21344.907276078073,20743.60403357069,23453.738788025374
110,242,VIR,"Virgin Islands, U.S.",8.28106902452912,14.53546276695085,16.156414827947444,18.823882304486474,25.665992212190933,21.612921123790372,23.35381321703343,21.669974703689817,24.91770173434041,25.845122195506974,20.74819509231621,28.164794566895786,28.56907015554623,28.452447471568227,24.918644116577944,24.10954676090293,23.066299760466954,22.659423452176114,25.036423319791247,30.88431365658169
111,245,YEM,Yemen,100.16397551886752,132.19624974155965,137.42929588264553,137.8912665406249,126.05427134249722,118.02506173343558,116.97033658204492,110.48165058887675,122.1906968204798,117.43581702672242,317.4893016586166,456.63161204195677,455.5686243007151,460.15153710188594,464.68814495656454,495.39772744094637,508.7031165038933,526.0561896691881,522.5910369437361,569.9685663099463
