,index,region,name,2007_count_gain,2008_count_gain,2009_count_gain,2010_count_gain,2015_count_gain,2016_count_gain,2017_count_gain,2018_count_gain,2019_count_gain,2020_count_gain,2007_area_gain,2008_area_gain,2009_area_gain,2010_area_gain,2015_area_gain,2016_area_gain,2017_area_gain,2018_area_gain,2019_area_gain,2020_area_gain,2007_count_loss,2008_count_loss,2009_count_loss,2010_count_loss,2015_count_loss,2016_count_loss,2017_count_loss,2018_count_loss,2019_count_loss,2020_count_loss,2007_area_loss,2008_area_loss,2009_area_loss,2010_area_loss,2015_area_loss,2016_area_loss,2017_area_loss,2018_area_loss,2019_area_loss,2020_area_loss
0,3,ASM,American Samoa,0,0,0,1,5,0,0,0,0,0,0.0,0.0,0.0,0.05894684922795811,0.2947343029471562,0.0,0.0,0.0,0.0,0.0,3,3,4,0,0,0,0,0,3,5,0.17684054765173143,0.17683571297064035,0.2357864300225244,0.0,0.0,0.0,0.0,0.0,0.17683332064065496,0.29473219878206014
1,5,AGO,Angola,4010,2224,4404,3487,4250,2321,5115,3242,6669,3622,241.98722111595887,134.23654138799927,264.82163396625333,210.01517145087305,256.2448594394232,140.1457835767575,308.1050380201533,195.49566648382188,400.82413233550994,217.8373143281688,11513,5391,3690,3996,5376,7417,4889,7724,4943,5384,693.1111737585628,324.8138339012104,222.65491771055227,241.0497295510158,323.7837280973288,445.8411608957472,293.4079826917332,464.4392620948179,297.0851893624457,323.58116379458056
2,6,AIA,Anguilla,2,0,7,16,17,2,6,0,4,4,0.11565442971011157,0.0,0.4047566262333973,0.9252223485087592,0.9830642334690579,0.11565457343620339,0.3469530027632942,0.0,0.23128720861383917,0.23130993734366723,23,3,4,2,1,4,10,12,10,2,1.3299829991317622,0.17347028024559347,0.2313093624564112,0.11565421411584037,0.057827214855055785,0.2313083563660681,0.5782499226550137,0.6939042087716366,0.5782702081447944,0.1156544297066893
3,8,ATG,Antigua and Barbuda,155,292,579,939,499,594,497,627,458,226,8.995709160165699,16.94931667012144,33.59740864527377,54.4832324627313,28.957154487693263,34.460738566348056,28.828472618760614,36.377049039978544,26.56881694190295,13.110502887711617,1366,326,416,186,423,256,321,477,526,410,79.2447898823525,18.920970378604906,24.144840813278293,10.792004352696651,24.54344001667438,14.858038293753818,18.628603517641473,27.67976767474329,30.518290199507128,23.793688659990273
4,11,ABW,Aruba,8,0,7,15,36,0,0,2,0,40,0.4750565548108766,0.0,0.4156919168597186,0.8907697062234373,2.1377992109614943,0.0,0.0,0.11876264627427244,0.0,2.3753294292851463,157,60,18,9,12,0,0,48,0,2,9.323233592377452,3.5630111978647703,1.068904750844869,0.5344619688293751,0.7126178462605626,0.0,0.0,2.8504021502031875,0.0,0.11876264627427244
5,12,AUS,Australia,330344,160787,280477,232831,277505,243347,324438,345986,351318,263151,18852.336218028202,9231.873274704238,16280.870881542738,13459.856701755158,16069.510559150176,14072.052729743957,18799.751494343956,20040.421953461417,20392.67460957601,15293.117423747546,777711,460236,283816,354031,461637,358386,267153,246677,303646,368711,45326.374213667594,26789.253694481686,16463.252870351407,20592.7859752325,26851.927513973867,20784.032372481233,15501.450867528147,14303.604896071442,17615.195007484686,21420.666996777218
6,15,BHS,Bahamas,5406,6926,54280,31714,67170,73939,65077,61108,73424,85446,300.3759960096012,383.4762186505633,3003.4956614032503,1762.0478623574013,3711.720948426067,4079.583827047436,3580.1154219218747,3380.7331693762007,4057.0291340758035,4733.118432089383,193591,144829,58987,118177,116422,71726,46970,51872,37818,30527,10776.357491497052,7994.141430464535,3254.9923350078107,6514.218100431425,6461.294391371872,3957.221731523046,2612.7007810126197,2863.2431964155226,2093.469501284328,1682.0264943898733
7,16,BHR,Bahrain,479,94,52,21,0,0,13,29,0,24,26.205569993371086,5.150289697132451,2.8502343458793176,1.152582510311058,0.0,0.0,0.713507578187337,1.5906934563131512,0.0,1.3126266621095395,86,7,24,166,451,36,5,1,14,27,4.718759424227476,0.38382588482529156,1.316093042382108,9.088193020283242,24.677558012613225,1.971964995355853,0.27365166808776653,0.05488668986813257,0.7674093857317084,1.481890995061095
8,17,BGD,Bangladesh,276695,48737,58318,54141,124975,74803,65728,94055,71968,84716,15615.90521781856,2751.6525362751386,3291.759081739901,3058.3163819642687,7056.976958941156,4225.299741463947,3711.8332556731116,5308.4616150718875,4063.9186508740254,4785.386685349569,188385,60575,74230,58632,160000,64609,86082,44440,85170,64252,10640.76541380469,3421.3463569672904,4188.547847628916,3308.7372330128546,9027.5087150097,3646.6807083890208,4859.3602182436725,2508.124944142883,4804.68083602785,3626.367562138219
9,18,BRB,Barbados,9,9,1,12,0,0,1,1,9,17,0.533280049503915,0.5332721482140975,0.05925332151296577,0.7110234831515013,0.0,0.0,0.059250774272196396,0.05925072226588403,0.5332702244472038,1.007301579202197,0,4,4,3,14,10,4,1,0,1,0.0,0.2370029930639492,0.23700819173431284,0.17775980864818533,0.8295442658006806,0.5925304600241382,0.23700839966622844,0.059253425437490286,0.0,0.059253425437490286
10,21,BLZ,Belize,10267,5671,5201,8119,11230,9984,10598,23795,15261,5286,596.1020799377608,329.26093134316596,302.02993091981364,471.3318271772634,652.1398743236175,579.6298469168454,614.8337172132551,1382.512286116701,887.7340270730982,306.80128337690485,37330,20566,11886,14853,17068,13250,6162,11228,9683,9131,2167.3582491823527,1194.1661435152014,689.5132282052391,862.0064102384423,990.9959604387233,769.5781206835835,357.7186698465167,651.7474803049547,562.1790645098276,529.9547576025427
11,22,BEN,Benin,1676,1848,5288,7089,5655,4029,2201,2877,2491,2609,101.26575354091968,111.66050060532743,319.5227129014163,428.3411113473149,341.6948979292293,243.43354097833065,132.98577643796892,173.81567225772616,150.50734188547472,157.63365499153605,12836,4160,2142,1463,2236,1971,2440,3060,2980,3480,775.580443189557,251.34906312131804,129.418961679696,88.39429836735023,135.09494978193123,119.09120662385544,147.42279331914148,184.89118968541132,180.05775333742542,210.27457257065214
12,26,BES,"Bonaire, Sint Eustatius and Saba",10,2,74,42,59,50,88,64,42,98,0.5946840627511244,0.118936851259855,4.400570777727713,2.4975970437139843,3.5085475657042005,2.9733424171512866,5.233073817427433,3.8058559113907573,2.497603218951635,5.827783353860869,588,161,145,164,157,116,58,86,70,56,34.96670292722805,9.574393297548884,8.622788595273361,9.752551246954884,9.336243893472457,6.898173758787011,3.4491153249801174,5.114161123746202,4.162676677966103,3.3301484895023896
13,30,BRA,Brazil,379324,155978,173631,159150,372795,321908,343209,283657,296402,240875,22912.535573059333,9394.080526926102,10424.710482763505,9572.076262766514,22536.31343466511,19456.662032398726,20744.34476885143,17118.51633088776,17874.26885836413,14555.087476141953,573350,226963,174626,235465,464952,236220,188326,236376,303835,253533,34626.83566828166,13669.50794347603,10534.966103535335,14193.640437177195,28104.09597054623,14235.355977414001,11340.384669502,14226.215672013735,18232.049135601137,15323.693397234392
14,31,VGB,British Virgin Islands,65,33,142,118,99,133,148,94,163,100,3.7499636212963576,1.9032692871488566,8.190127753710236,6.805269106996764,5.709679638231674,7.669328963146706,8.533706373962366,5.420305731920935,9.399117163909338,5.765528961550393,204,58,67,61,57,88,126,68,223,31,11.764014904116287,3.3448247109002502,3.863573682736628,3.5171341450382103,3.2875331253033058,5.075681537389781,7.268803717454059,3.9216146426163085,12.859182500367913,1.7881336563862402
15,32,BRN,Brunei,1640,748,1153,549,774,460,743,1115,1941,306,99.33916903484268,45.309123849127666,69.84172414018573,33.25538928964165,46.884526248163596,27.863133773046563,45.00586498629187,67.5399956922242,117.57455536357214,18.53515544686413,1364,1077,502,803,1558,1130,680,235,586,877,82.62110032095738,65.23628491767708,30.407061834925113,48.640544313989466,94.37712366764703,68.44910729775273,41.19007023933611,14.23471997571799,35.49506855264172,53.1221596696515
16,36,KHM,Cambodia,2772,2971,7134,7945,8951,10757,10555,11932,15690,18269,165.4522239601518,177.4046957217044,425.9023977250147,474.41531802689656,534.5271987779578,642.1450556591137,630.0180652610452,712.3258631883862,936.5052705718288,1090.9091630439857,38802,16441,11687,10219,16520,11685,9070,8765,9225,7363,2316.9567673009883,981.5308043326304,697.5622856283223,609.8774740130586,986.0613722676769,697.2885253383997,541.4159836528363,523.1066716706721,550.5301905449588,439.6890062403886
17,37,CMR,Cameroon,27490,11252,9893,14463,19024,8511,8534,11238,17173,9170,1666.433384332855,682.1927270206901,599.7572906283918,876.8867431381466,1153.1868669407813,515.9505387184257,517.3727208100806,681.1838282455411,1040.8757754784174,556.0342003669804,12841,12871,9727,11075,11472,17145,14125,11612,9369,14558,778.5242501471664,780.2572783934781,589.6443537610878,671.3254915651244,695.3863959081656,1039.2743389297943,856.3244904047585,704.0285138599774,567.9072300382002,882.351623276806
18,40,CYM,Cayman Islands,366,118,184,288,394,358,383,402,641,234,21.022116293125045,6.775287876632717,10.567599629545015,16.543346325599074,22.63327240624065,20.56497233276397,22.000835553003043,23.09093824277256,36.81976175021016,13.436060399324624,3029,941,342,552,917,556,359,271,431,359,173.95500646075243,54.045938288438464,19.63970086444316,31.703675626082152,52.67430396558002,31.937012900479576,20.61895132325926,15.56284239491751,24.7558085199538,20.618457793391293
19,44,CHN,China,38488,19551,14956,26230,44581,27279,22824,23803,29233,27499,2153.935495750287,1099.8196171223606,847.4249224902724,1488.0222342049337,2527.6871443055816,1548.0143173336992,1295.094963434141,1349.6300290233066,1658.2598770153172,1551.6587919087829,84814,33696,26920,31327,34437,17597,20980,30158,30246,32186,4789.649840605882,1912.1640711455998,1520.8101730957494,1765.8430345824706,1937.3789241066975,997.2654694878978,1190.6282671257354,1711.8775943248834,1714.1852323089392,1823.136638068094
20,47,COL,Colombia,74692,37046,56410,62012,60673,47178,37429,61370,56376,47752,4492.842060970196,2229.369182604735,3392.2642899337925,3722.756986226103,3652.5477902763528,2835.2798565841276,2255.2176870836875,3691.3738676408807,3389.058459014669,2864.656753400976,256541,64109,39948,46201,81720,62979,37969,28486,30209,53087,15368.048707933727,3855.3917476441397,2401.9352517959155,2781.016577105791,4911.1011100054275,3788.0318286741867,2283.078961331861,1715.236942938644,1822.3067454496465,3207.1532713833294
21,48,COM,Comoros,23,19,13,1,8,10,25,47,6,7,1.3667813145157854,1.129102168581119,0.7729739976026063,0.05941813181824342,0.47550446360468723,0.5941463653462765,1.4858228706563075,2.793585712839295,0.3564880456711101,0.4159076012500393,4,7,12,26,41,19,9,6,3,27,0.2376581242388801,0.4159759912405928,0.7132552319283638,1.5449224091698046,2.4368248757153035,1.1292150169718254,0.5354919385165654,0.35650028863998356,0.17824377836592797,1.604382576948071
22,50,CRI,Costa Rica,19672,6248,6195,5106,7753,4683,4720,4204,5148,4927,1180.2059691039585,374.7585372505192,371.6390220816904,306.20718575246184,465.1502322465719,280.9574822656561,283.0997562733854,252.1288555826201,308.7092829193081,295.4916390788656,13051,6828,5519,6095,10266,5201,4632,8130,14904,12697,782.6918354976848,409.34498502671664,330.9646052870403,365.5338592616854,615.9618069942641,311.9983262400735,277.8010731002325,487.59014232950716,893.513468224486,760.8976928638272
23,52,CUB,Cuba,85283,35502,78375,57703,64171,59103,100214,117401,107983,72604,4817.6226188615365,2004.2534196548502,4423.469023636317,3258.2864535808635,3626.6039373324475,3339.3397203885334,5660.037658102118,6628.8190011915,6103.868397694973,4110.453351057252,433237,148692,75993,120761,231604,118392,78556,66162,94827,79145,24491.872905315493,8404.282736131167,4297.865902080093,6829.508458919287,13100.632762277304,6695.645999741942,4444.377446015458,3740.873741560402,5360.761000689338,4474.606402679563
24,53,CUW,Curaçao,0,0,0,0,0,1,1,0,0,0,0.0,0.0,0.0,0.0,0.0,0.059475142650964805,0.059475094560922516,0.0,0.0,0.0,0,0,1,1,0,2,0,0,0,0,0.0,0.0,0.05947365145284436,0.059475142650964805,0.0,0.11895004484646907,0.0,0.0,0.0,0.0
25,56,CIV,Côte d'Ivoire,2573,1733,1945,1224,691,537,1159,2170,1622,2280,155.8152981743271,104.9482022657325,117.80329495763041,74.13245552631598,41.84834882841483,32.52185580674056,70.19130939983279,131.41993364062495,98.23223345899365,138.10087364422216,2539,1649,1820,1896,5032,3008,2143,1983,1128,2013,153.78449553906714,99.8720785952184,110.21567054790489,114.81858828193054,304.732898408035,182.17110401770222,129.784152499197,120.09089448987217,68.31449244585386,121.92335529488415
26,57,COD,Democratic Republic of the Congo,3364,1165,1866,1199,1462,2090,1569,2509,3360,1077,203.39847778342948,70.438447560431,112.82600439966023,72.49534531617041,88.39799653256479,126.37032516060447,94.86655794901358,151.7042420847421,203.16064872404363,65.11923081615559,3320,2675,2062,2921,1677,2525,1224,1970,2109,1841,200.7399166112815,161.7414685122393,124.67719986346853,176.61554765246768,101.39603044607446,152.671626019436,74.0076614994636,119.11418499921736,127.5191116891914,111.31236519994447
27,59,DJI,Djibouti,156,44,255,305,1036,585,423,521,371,367,9.286605580394305,2.619760758466203,15.182584431108264,18.15625955546939,61.68668639113601,34.83962161891907,25.18430705635258,31.009675877951175,22.079752496199262,21.83368114348225,3356,1100,481,257,308,221,484,404,276,198,199.76662602177078,65.4234551415824,28.605795361983297,15.278377305153855,18.314022131255374,13.139179746710587,28.793619583322318,24.040043381976915,16.428726362942395,11.778279191911867
28,60,DMA,Dominica,0,0,0,0,0,0,1,0,3,1,0.0,0.0,0.0,0.0,0.0,0.0,0.05860583930856554,0.0,0.1758175179256966,0.05860583930856554,1,0,0,1,0,0,0,0,0,0,0.05860583930856554,0.0,0.0,0.05860583930856554,0.0,0.0,0.0,0.0,0.0,0.0
29,61,DOM,Dominican Republic,5781,1211,1832,1048,1428,1457,2188,3070,2886,2869,332.0816439717828,69.58265008360348,105.41383555035038,60.30885423397026,82.25432072252553,83.75227568115352,125.93924512479418,176.41475513917024,165.9809733117202,164.86100791747154,6471,3763,2545,5490,5107,3795,2013,1675,1315,2047,372.187253679588,216.61889336517325,146.25077438846725,315.30624254023,293.4809736012751,218.06663255575785,115.75707240584583,96.33819449845323,75.78910056752125,117.68074965411095
30,62,ECU,Ecuador,57185,32157,31340,34262,58540,36841,33262,38843,54752,25592,3472.9777566756948,1952.8379604736238,1903.179975428681,2080.6801728765877,3555.1363259224204,2237.0569753034556,2019.8587279283217,2358.6377383362583,3324.894058765176,1554.1210081145227,159035,82981,45117,40246,43312,33564,32874,34898,34411,24559,9656.612512419226,5038.752015565462,2739.6775007285623,2443.8763070703963,2630.2438566360306,2038.3263564658746,1996.4042656370516,2119.215252476035,2089.548212084791,1491.3655979437049
31,63,EGY,Egypt,21,12,94,133,104,121,114,118,112,502,1.1436146229345878,0.6465806390992123,5.176266895699917,7.358110705991988,5.720306888029077,6.6820497145608595,6.302262646244312,6.515095198072715,6.179297052957705,27.84224111272725,1796,366,98,153,172,84,78,46,63,118,99.27076856501232,20.176331145763747,5.403003051210019,8.462700767023229,9.514653968298175,4.5996258702738375,4.298272246977995,2.5264639616996543,3.472698152915223,6.526837553661049
32,64,SLV,El Salvador,8764,6035,3379,3175,3381,3363,7296,2679,5022,3050,518.7850979990171,357.24591446952286,199.99834718585072,187.93883527786716,200.13768166923705,199.0679240855497,431.8857756683787,158.57531678502022,297.26407174243354,180.5459361650962,5139,2900,3112,5587,9371,5179,3905,2772,9624,6027,304.17344935831176,171.66166866520223,184.20753944032333,330.71531862691154,554.7218350666236,306.5729662996736,231.14021506295308,164.07804904024357,569.6868938646886,356.7141996429282
33,65,GNQ,Equatorial Guinea,1655,1207,1782,1020,1079,357,1109,1239,1920,1295,100.57806210926809,73.35318417290712,108.29691824842642,61.98730385458993,65.57196821557419,21.695265777348997,67.39435022099588,75.29466209989523,116.68116673474672,78.6992265709463,1013,1515,371,839,1681,2709,1950,1691,908,904,61.56099440752732,92.06695103567597,22.545670837144392,50.98705173390512,102.15550626221668,164.62755854957544,118.50247081686803,102.764829489784,55.17930585375223,54.93440227459472
34,66,ERI,Eritrea,1438,703,3979,3725,4664,3527,5248,3825,3303,3500,84.49311139885745,41.25118292717955,233.88811167097975,218.95999331010387,274.6677915025514,207.46352682066933,308.5686549548554,224.81898317194884,194.51224140907513,206.22277572525053,25818,10917,2745,3957,3719,4071,3185,3258,5340,4820,1518.352710938536,642.6784559089426,161.49544983528767,232.9820540276723,218.61440471974714,239.5636863904915,187.27158531053448,191.70688365053405,313.8128045253725,283.6326831825734
35,71,FJI,Fiji,6872,6907,8667,7977,10753,7518,10670,8541,15004,4905,399.9288762235267,401.67713520897314,504.60234663739624,464.11657408345513,625.7137155227535,437.06729362102743,619.8813471718296,496.05909253386,873.2650652639875,285.61263769378843,7844,4959,6167,7591,6659,11319,10224,10043,12184,6204,456.5387570322972,288.1323663669345,358.55499077329534,441.4903144730182,387.2607387186673,658.9146034978025,595.2864710635101,583.9004489934603,708.2574945790747,360.4912860618581
36,74,GUF,French Guiana,119904,24383,26194,22672,93678,31722,32542,14274,20023,24049,7258.751244639755,1476.044092699042,1585.5166115524714,1372.1984088231866,5670.127752059388,1920.4346194817463,1970.1710989824412,864.0081093597112,1212.1286425466292,1455.6849146301006,140271,14895,13413,16754,58983,14671,22974,16232,27403,15739,8490.289661368955,901.6236188477756,812.064979981391,1014.3224083624891,3570.2517965096695,888.1020338479387,1390.472302231535,982.3778815942137,1659.29401737886,952.6848237579043
37,75,PYF,French Polynesia,8,3,6,6,17,19,24,17,77,22,0.4641234711770935,0.17404547142524232,0.3479180213961389,0.34780470991191137,0.985935783801495,1.1019042382142823,1.3923384153165048,0.9861029899798017,4.465217791536162,1.2759789554634628,35,15,12,16,12,6,22,4,8,6,2.0298964141965175,0.8700774962091727,0.6959762836262208,0.9278540938060069,0.6958842734419218,0.34796039499027764,1.275387242818423,0.23185733777142062,0.46396042089372813,0.3478670958363832
38,77,GAB,Gabon,14106,6125,11695,7579,10532,6038,8265,12134,11722,5356,857.3531648353966,372.27869802108654,710.8264681117377,460.64984485774534,640.1296389633975,366.9815004096746,502.31613866126736,737.510495539834,712.4610394445017,325.53526594740856,19477,11432,7781,9454,16304,16351,6501,10092,10688,12482,1183.7786649234095,694.8264695337548,472.90453528760725,574.6015607152502,990.9741356433856,993.8093891617787,395.119763570727,613.3796565294264,649.613665285505,758.652007228736
39,78,GMB,Gambia,28280,9188,7740,5908,8049,5589,10983,12317,12459,5748,1673.309052954087,543.6574507236377,457.9867495846122,349.59418307864127,476.3042942114462,330.7606461721042,649.8631136366179,728.7761710260579,737.279394491843,340.13311326511933,14570,11090,5813,7773,17042,12540,7536,5374,10439,11049,862.1990045501165,656.2546757683708,343.99356212475055,459.95882095393495,1008.3196284083328,742.0295105170397,445.9403573838157,317.9904665266025,617.6733541575559,653.7624096992804
40,81,GHA,Ghana,20313,20911,22666,30195,27971,14213,9956,13104,11771,18189,1228.5828175573054,1264.744077209242,1370.936688312802,1826.2303753675897,1691.7201506381073,859.6101094111458,602.1906257606358,792.6119719158573,711.9589230223046,1100.104903513042,79119,14130,7411,5008,13284,12368,13765,18386,11317,18768,4785.213021239663,854.6645866234905,448.25335066505147,302.92338672022584,803.4995196115258,748.100805708313,832.5570348494173,1112.040431365991,684.5021704776977,1135.1778236483153
41,85,GRD,Grenada,44,51,26,36,52,47,27,69,67,56,2.613800115152858,3.0302204539898256,1.5448730588716224,2.1387547686498345,3.089777914990213,2.7923510959070423,1.6045543423363606,4.100489516777482,3.981779258337448,3.3270665631877807,33,58,31,42,73,63,64,35,47,50,1.9609791209879843,3.445889378583951,1.8416492419778296,2.494932111549668,4.33718805679752,3.74396451145923,3.802990587140551,2.0793192953002744,2.792894571940992,2.971201879279522
42,86,GLP,Guadeloupe,851,280,784,516,586,539,443,547,608,316,49.694887955116535,16.352509759456307,45.783919204630024,30.133046669296036,34.21737894637883,31.475191254291943,25.869950114469933,31.946775914440362,35.505332616672696,18.452978140580615,716,186,522,704,658,478,439,528,744,452,41.81115922788972,10.861998211815722,30.482599962227393,41.11212468202455,38.429391430542466,27.91521822720355,25.63676680675754,30.83360252021639,43.442981603766505,26.39358411560294
43,87,GUM,Guam,0,0,0,0,9,8,5,18,25,20,0.0,0.0,0.0,0.0,0.5325965415062153,0.47338192416946634,0.2958092644661915,1.0651552712473102,1.4792991104197968,1.1836052623482876,0,0,0,0,7,11,27,10,10,13,0.0,0.0,0.0,0.0,0.4142717057297896,0.6508592318781516,1.5974006468439452,0.5916156945345066,0.5916270811255964,0.7691008749509787
44,88,GTM,Guatemala,7365,4404,8081,6337,8674,6204,7578,8956,7687,5731,434.4004106105126,259.7591569208643,476.7388729333746,373.83707879656356,511.39121857518523,365.99611346641774,446.9939809479656,528.1262669887194,453.1115788630113,338.04968558975173,17326,4921,4529,6004,9183,4809,4619,7268,7948,5722,1021.7920646453047,290.18572480662385,267.0376428362832,354.1647071298236,541.6686773390048,283.66681890416237,272.4488275499361,428.79269588964735,468.8766630231862,337.58192209077157
45,90,GIN,Guinea,55196,19280,42947,29895,36912,22962,40147,50177,47592,40063,3304.316539204161,1154.7597071539772,2573.3706069276836,1790.2976120515623,2210.410849020979,1374.9814171244152,2404.88800638428,3005.4604654719224,2850.0247610483484,2398.9312127881844,60638,69531,24467,46500,54060,61242,37452,55840,69317,53781,3631.3977262150233,4164.200805736299,1464.8487293442486,2785.688735881108,3238.2664741982694,3668.792703370016,2242.00126598937,3345.512336259145,4153.053509910127,3221.1742131171623
46,91,GNB,Guinea-Bissau,112541,24749,31177,36594,62211,20600,28366,47289,57884,27274,6698.91194673001,1473.610254910081,1856.172521712403,2178.8222314114923,3704.628711445639,1226.2926947687133,1689.1609130213635,2816.8402272926346,3446.09498483694,1623.924827593163,100922,84664,57304,37647,54163,51479,49055,30352,37852,67592,6009.956908649245,5041.496472441255,3411.5803691104707,2241.697085298472,3225.188060642815,3064.981763090557,2922.0369930636016,1807.7820034593185,2254.0156190078255,4026.0179247920937
47,92,GUY,Guyana,18563,3377,3704,6082,11476,9633,4871,4236,3609,7276,1119.0209801512249,203.5497134481585,223.26731562003664,366.71537333887966,692.2785074461038,581.3035906371356,293.96112395509226,255.5437312519117,217.74006653323488,439.2187539281427,27831,7486,6530,7467,21307,8584,7096,9689,8331,11295,1678.2388559032754,451.6835630159149,393.8455973633686,450.2578517178947,1283.7099127060214,517.4990529941635,428.0289309505846,584.3948432023304,502.515315559963,681.7023813697999
48,93,HTI,Haiti,4053,781,3109,2440,3509,2782,4770,7982,5798,3308,233.0222695728617,44.88747399094085,178.71616018241676,140.27253082254666,201.681994316427,159.886776917045,274.1874216892059,458.89033609825145,333.29698829893124,190.35120345307342,22295,4767,2950,6666,9695,6057,3699,4036,3553,3657,1282.1582319911968,274.03086232125577,169.58529922838224,383.6055288417033,557.7589252879739,348.29857293796306,212.85435153223642,232.15111399742486,204.51113370586359,210.62922943394926
49,95,HND,Honduras,52740,22525,19945,14108,16046,12342,22073,16080,16286,10197,3118.4036150082225,1331.7264664044894,1178.7237575192848,833.0519089423451,946.8656789131079,727.8641590031566,1302.052573880922,946.0116456088501,960.3349086754897,602.5311430614328,35574,15259,12382,18505,51091,23931,14645,13149,33857,25455,2097.0775031331705,898.7789277633138,730.3712183124151,1092.6446091813577,3021.8023120283037,1414.1756563757217,865.3810521222205,777.4597372910732,2001.6404756180464,1502.596829639278
50,98,IND,India,305098,67836,118461,94253,231785,162596,116354,120919,108291,77693,17348.658145281017,3871.797541887436,6748.888115015115,5395.209265505148,13267.168209274429,9346.904424086752,6672.787044616109,6977.520775336026,6208.323999632781,4444.997711318525,422748,134194,114188,115217,150464,121613,103969,104247,139289,174803,24281.942914933003,7760.0298939965905,6564.845557163269,6574.525618302946,8609.958394713378,6947.914855557849,5965.843397942609,5958.262276363454,7984.6935505261235,10003.8476274432
51,99,IDN,Indonesia,491899,211266,394010,474015,723999,499105,434805,518494,574772,773657,29803.76397392096,12800.81723560492,23887.46543563478,28737.564900311056,43893.76827184922,30244.218385904667,26358.662423472448,31431.15258790789,34850.91692182023,46926.01968262686,2540563,1041060,602411,647464,1115373,733665,537243,515140,527374,562006,154079.17405557947,63136.355979727145,36535.68444997498,39274.54202783331,67663.05244167318,44500.695311464835,32585.860136709507,31240.639893296247,31982.66001600417,34064.352628283836
52,100,IRN,Iran,4019,1829,9077,11065,15428,3284,6941,17355,12968,3584,218.60776076704548,99.46347641859835,493.71442374342837,602.2010536842847,839.7524372551445,179.29473268821047,378.2327694877316,944.6648309696328,705.1128822707988,194.93914994175412,50417,25551,7264,9198,9233,12693,9025,14729,5603,15430,2745.6864701396785,1390.1801101856624,395.29467451011726,500.58718378676997,502.1925611568859,690.4247087870505,490.8396038296106,801.3124991066461,305.1427995434061,839.611205693932
53,105,JAM,Jamaica,7899,1398,1082,325,622,473,1876,2243,2161,1886,457.46334444663984,80.95735690300027,62.651425806714556,18.81419362835603,36.00687600585634,27.380784376672036,108.63638329970543,129.87969017041812,125.14066006200122,109.23728021623089,837,1018,2264,5374,11392,4405,2942,1666,1765,1834,48.449369882028904,58.95305942791424,131.03697766620547,311.25508427060487,659.8759108425977,255.1360617342721,170.42236391215675,96.48847015947656,102.23249238611929,106.22650358660471
54,106,JPN,Japan,263,190,246,271,255,257,307,436,499,220,14.451707119672141,10.473175138857828,13.594965713235425,14.979387509791726,14.094592292682549,14.229267926972812,16.932154939377405,24.067521503230793,27.560601019394518,12.074238754362437,409,319,296,351,331,377,375,217,219,186,22.481985843763816,17.58675774186021,16.35008930365411,19.381059736654645,18.20641504321265,20.76863237130259,20.717382273461745,11.947848478721609,12.075396271487179,10.227085603585456
55,110,KEN,Kenya,12585,7631,13920,10869,10285,8749,11294,18754,14805,8433,764.2304306821775,463.33762515137204,845.147147169904,659.6192312750409,624.3912201226439,531.1653539799635,685.7200266261908,1138.266722633662,898.822546304931,512.0425283356561,25934,13803,8797,9431,16135,14702,9141,10977,10792,10528,1574.1820108788897,837.8943369043427,533.9858438834308,572.627056665089,979.3284070456486,892.4834890791299,554.8939604912355,666.4260998102219,655.2933975982928,639.1668716204877
56,118,LBR,Liberia,7016,2714,2079,2302,2777,1362,2656,2101,2457,2230,424.14618158294644,164.08577595018374,125.70017395186183,139.13957169274568,167.8618748634312,82.33745392918408,160.58319675191092,127.08313783603508,148.59343646157964,134.8399340028387,4143,2621,1617,1978,3728,3308,2341,3400,4735,7471,250.4317908510357,158.47832489950878,97.77376283219066,119.58633609578862,225.42589826187486,200.06714029585723,141.5725411979065,205.59132613707806,286.2551192849257,451.653974121223
57,124,MDG,Madagascar,67429,19029,28014,29033,43281,31138,40488,53511,53233,35353,3928.5142161724557,1110.44088592234,1631.1615269116448,1685.4340921537669,2512.3746527221806,1806.2224773129772,2350.6780979090677,3115.828447071811,3090.3818770057787,2056.655187335891,151291,55176,28153,37991,48627,45865,36978,33453,36599,44959,8760.084091926388,3196.661732804472,1632.2589600638553,2208.549175963917,2824.46175813827,2665.3142331010404,2143.4554404022283,1938.783178016416,2117.7215969646536,2611.3087171260304
58,126,MYS,Malaysia,94516,37908,49251,43448,64934,45366,50367,62124,69439,48043,5723.37234968341,2295.1384357202437,2984.548407390561,2633.7053080816986,3935.7061669586983,2749.482132202666,3052.1537122004593,3763.7726041280494,4206.648257513289,2910.6836877685823,134758,75859,40740,50313,111865,78560,47646,47601,61543,69421,8171.923130839225,4597.698119336523,2469.1472252416834,3049.339730573644,6782.487337239125,4760.857586694518,2887.790949696732,2886.0957713232665,3731.1700225510094,4205.671244016195
59,131,MTQ,Martinique,334,388,460,343,515,278,373,347,723,386,19.669962284490506,22.848229138174027,27.0885010181364,20.19826773265808,30.327366300959202,16.37050651121092,21.964789897734263,20.434863306917983,42.57275145049866,22.73111370498054,371,379,266,412,514,624,392,219,225,352,21.848592557324015,22.318142013429345,15.663421046049114,24.26168502831814,30.269095024380142,36.74600019584954,23.084649499932233,12.898438806222803,13.249592845482342,20.728722143894554
60,132,MRT,Mauritania,388,110,172,174,465,152,149,50,739,631,22.66566912339137,6.430868781206375,10.044884097458805,10.167937050010597,27.18440141243891,8.877046689793524,8.70304274071845,2.923384733425107,43.19699623198553,36.85328581363411,559,257,297,366,88,498,293,170,55,66,32.673747903264186,15.02481509941995,17.351557014217747,21.382727914974232,5.144842018588463,29.104716121026975,17.118194792132385,9.917798315217867,3.190532123862611,3.847310250804503
61,133,MUS,Mauritius,163,35,125,132,268,155,143,215,317,226,9.31147199594142,1.999333646700115,7.1402221260879495,7.537805003587884,15.303899328449223,8.853997532358072,8.1709021610835,12.281810695856382,18.103999885918153,12.907881334881843,2334,407,296,259,348,199,288,160,118,113,133.30864550866295,23.249233437458972,16.907766699009915,14.796929943430191,19.880601926914334,11.370589723487283,16.44685126578434,9.14082166154595,6.741218296894639,6.4562235503925285
62,134,MYT,Mayotte,368,159,165,86,131,98,165,188,110,56,21.820702442110395,9.42836891908209,9.785778128055846,5.100963821944933,7.770123142892952,5.812585769880997,9.784657292144665,11.148189689493227,6.524434024134647,3.3211312406867375,174,44,169,128,343,197,143,69,87,196,10.320392164390267,2.6094116858708327,10.022070161848081,7.590073486741073,20.33855141489958,11.682285629591576,8.480967484556295,4.091100005812545,5.159584206564132,11.622417114215189
63,135,MEX,Mexico,249328,134993,174852,218673,283896,280282,282173,404855,278480,211678,14097.556589768936,7602.68075973292,9886.364464648228,12331.540548562672,16051.726305117367,15854.718139420953,15973.449229936963,22869.371084044575,15709.097195025854,11921.099491914605,772809,431163,353100,286400,387963,271176,185480,203711,244708,411318,43513.69567754713,24376.16760608156,20041.376953357587,16221.074923566555,22018.66237197667,15359.73101921507,10501.009044180932,11497.659961049449,13838.886200670267,23413.682996482803
64,136,FSM,Micronesia,252,20,782,4995,1178,0,0,0,293,14,15.165001636386545,1.1994309803350178,47.11683538411473,301.29912325890564,70.64030188855227,0.0,0.0,0.0,17.67667233531395,0.8446903361113963,5940,376,999,172,61,0,0,0,5646,522,357.95212941000057,22.547636777298457,60.243558238593366,10.356345347862387,3.6583121633587226,0.0,0.0,0.0,340.7040131687668,31.5004682028678
65,143,MOZ,Mozambique,81276,38813,36026,63706,92320,68133,78064,89062,54407,79488,4679.799389560816,2237.4483635994256,2081.061967154539,3676.8122925499756,5321.160627360136,3926.4971158288463,4510.771438145283,5145.2957497262605,3148.0327260654117,4564.1384654908,130660,133181,71489,78343,96070,74502,67072,104696,108360,177464,7530.2199601526145,7677.983839619049,4120.47890107868,4516.883795218975,5541.161732391696,4300.8073659028105,3876.7041687975257,6015.486523616919,6260.1505304641505,10227.78879138912
66,144,MMR,Myanmar,196922,71182,140898,108396,200805,167347,200567,239617,185951,363068,11483.214489189113,4144.7810326586605,8143.910771691395,6275.5221223078615,11601.76956430204,9678.47930746334,11618.590521170172,13866.444527725418,10723.112864579867,20987.080796225557,772688,224773,91071,195519,445547,196816,155394,257169,183862,226949,44429.74009756898,12989.025215862024,5283.28453137991,11309.491757664337,25761.269847289914,11394.328481205646,9020.219285500996,14921.232513345993,10656.968662318352,13205.500739620198
67,151,NCL,New Caledonia,6963,6019,8987,9453,11618,11803,9653,11237,15542,10154,395.3399950208272,341.81896552774737,508.9831271969506,535.793105739554,659.7981389135248,670.3881400220826,548.166747797795,637.9079861068044,881.3484441634018,575.7612990716149,16519,8254,12431,9324,11192,9093,8449,5152,5967,6703,935.860071453549,468.70726011357294,707.3118876464737,529.5822306778869,634.996141995153,515.9500083296966,479.19889238466925,292.27834988366783,338.26600604186984,380.32857721986585
68,152,NZL,New Zealand,42391,8649,9733,9749,10729,11829,12579,10616,11959,8903,2085.5384624826625,425.3614457674643,477.70620306575125,478.63744799105075,529.4159669531066,584.911273590904,621.2865631606492,524.9549203091441,588.406403005556,435.94373854680435,22238,8926,6152,9454,10499,13120,12215,9009,14931,17357,1090.328156284764,441.0892555680772,304.3900651473135,466.24604284441443,515.9136975924519,645.1399048657466,602.4406178483346,442.9945155636782,737.1915584465689,857.8183828708793
69,153,NIC,Nicaragua,47028,18985,20753,16236,16974,15445,17920,19353,19444,11470,2787.190885215874,1124.6659221005675,1229.477646748572,961.9426315086359,1005.4935367953344,915.11091047753,1060.906014106774,1144.789358337554,1151.5593015250524,679.646843672262,33374,14379,10961,21507,44724,25651,13273,14255,32907,28020,1977.0282008395134,851.0581658148134,649.0154834968197,1273.3474668707136,2649.557753780749,1519.5352136838453,785.9387086724987,844.7109163888128,1950.7412368688904,1658.5660815927167
70,155,NGA,Nigeria,126115,48341,82366,85731,101670,74611,111428,82151,122973,77707,7637.975617383283,2926.7920350308946,4986.621737378533,5189.1546280872735,6154.994657786727,4516.659329638245,6747.411623155599,4974.181651900514,7445.831516413333,4705.714661857443,241391,111585,92923,111363,147062,137820,102541,92530,110753,114706,14611.936314473342,6754.536666657501,5626.255335839226,6744.05870275282,8905.745203339404,8345.68886577563,6209.184507086193,5603.923817961674,6706.085991319947,6943.188324640021
71,161,OMN,Oman,148,93,194,159,189,87,97,183,187,161,8.505406924112393,5.366595086084947,11.127127816747553,9.01796698727105,10.593455032611356,4.888963962111697,5.477180890477034,10.2891661140902,10.546546222870656,9.171320436545178,661,315,97,96,187,144,239,195,105,27,37.2982503649252,17.622008246732342,5.475841743223815,5.418316529175451,10.76974541081149,8.259177314369277,13.73962742320221,11.156441192396521,5.977207599751622,1.5178060593493488
72,162,PAK,Pakistan,37123,13488,14358,22453,53084,71834,71500,50614,12255,5598,2062.1733890797036,748.9126588934123,796.6863710201332,1245.138990135468,2944.935140018685,3989.6131827970194,3969.912947263145,2809.004334050235,679.9305270595759,310.3279119646044,187299,59805,29212,54147,71497,42790,26954,33010,75884,172255,10399.268362602426,3321.1661702551064,1625.2431373451523,3009.912446467894,3971.864659808189,2376.919294570491,1497.1507814364013,1833.6282182749487,4215.666639607087,9567.39177375166
73,163,PLW,Palau,1102,650,720,565,605,532,1026,712,524,202,66.4205858041465,39.187021961080475,43.40989789913411,34.060630336459674,36.47438795876644,32.07119990326356,61.852286448988046,42.92684789497369,31.598364063384885,12.181012521136083,428,484,851,512,590,474,364,652,1250,529,25.80609252533481,29.17872923445261,51.288620723829645,30.868285282898853,35.57054689213795,28.57699405786662,21.94464239934373,39.309474626393346,75.35689167663091,31.889412563058393
74,165,PAN,Panama,43524,14096,12396,9600,13337,10101,11145,11222,13075,12454,2618.1320044054546,847.8244924618563,745.5351721474001,577.41212281667,802.1869710374576,607.6720415855009,670.3652041545453,674.8709784376266,786.3829628546126,749.3686660422338,30677,16836,10872,14012,19933,15817,12545,17398,29110,33590,1845.9859789969491,1012.7923006726149,654.0561374038716,842.7996964559277,1198.8059438970656,951.3440266440934,754.7138417602612,1046.5088727917434,1750.9206922832132,2020.1486770260412
75,166,PNG,Papua New Guinea,99124,30840,31799,30192,53699,33106,40262,39750,39216,20817,5973.5100948250765,1858.3482650246096,1914.6550869417417,1817.7135834718506,3233.516229700956,1993.5714097814277,2425.346690879806,2394.546026736142,2361.3881152522813,1253.3477311384163,78986,41138,35203,47285,86586,53774,43404,41974,56412,44140,4754.532008327943,2476.841402159709,2120.025327002414,2847.4977757855236,5212.614914945017,3237.381737287612,2613.3842626506394,2526.320143346813,3396.076165195005,2657.780474782384
76,169,PER,Peru,4015,2392,3100,3465,3724,3822,3246,4691,3564,1468,243.59225602703094,145.11783911582077,188.06886013256525,210.22264283477892,225.92833858231427,231.87118908900942,196.9158054041382,284.5892226645974,216.23123523963855,89.06146696397893,11860,5155,2516,2855,3750,3309,1601,2165,2488,2030,719.5494860500653,312.76624593922975,152.65429520779654,173.20569763883248,227.509631551903,200.75556568072582,97.12611490556387,131.3515292279103,150.93845650351417,123.1215892952159
77,170,PHL,Philippines,115759,55675,66555,75462,112353,88455,74378,109591,113945,82371,6910.933438020203,3323.023624649621,3973.2164073161307,4508.611244592883,6714.686719099527,5285.175135544737,4441.037504858282,6545.594376947308,6799.337102579507,4917.01384031686,254573,140732,81975,88485,110835,90873,70672,68940,81316,85150,15218.357524461182,8406.833031387194,4897.950076551081,5280.2884988430305,6614.080106864883,5425.213664066765,4220.027209505213,4117.451277132032,4857.11342521572,5087.570417563328
78,174,PRI,Puerto Rico,8403,3190,2159,2206,4002,3669,3969,2635,2534,1420,485.88463636583265,184.53663389236567,124.94481228513615,127.63037491003367,231.53515832528882,212.23388433187785,229.6041202479521,152.46192627468545,146.60147998360034,82.10119544548988,2848,2577,5401,3844,5317,3419,3370,3164,5719,4586,164.7536265387747,149.06138681644285,312.23916731532853,222.29097752550098,307.58912742299106,197.7741621060729,194.95819152290963,182.97668649570159,330.86364761732136,265.35316054049775
79,175,QAT,Qatar,161,153,62,61,85,199,251,463,207,101,8.836661223937476,8.400424082977395,3.4079880000182405,3.3529085624349855,4.6601039207728405,10.939175988043734,13.761658864993105,25.45672893293361,11.369730930243195,5.55343937352836,77,68,167,97,180,64,192,102,115,103,4.2301789028120655,3.7321222905613993,9.163503708645798,5.327151821515384,9.888931452163307,3.5160365898982633,10.55202487851629,5.598197728286165,6.31583641919025,5.6543419793606
80,176,COG,Republic of Congo,366,132,213,126,97,142,172,225,306,158,22.19008520717135,8.003583976150182,12.914379089820235,7.640099614631805,5.880636496045348,8.609583543125776,10.427725784151576,13.640520155997603,18.550461803425257,9.579939245048864,357,208,175,228,341,263,170,98,88,172,21.645183889984132,12.610060720864166,10.609645603154384,13.821236110234134,20.671333825639,15.94416412130738,10.306112707518018,5.94174561678182,5.334645020406474,10.426824816873422
81,182,KNA,Saint Kitts and Nevis,35,40,15,20,13,23,11,29,46,23,2.033439217389624,2.3238712325362387,0.8715033669316901,1.16197447612884,0.7553310416463699,1.3362964104960062,0.6390619722264217,1.6848427378999826,2.672932306384859,1.3363881251112362,15,22,23,30,42,38,24,15,16,14,0.8715485744712932,1.2782687988237273,1.3362760586230698,1.7429806851643925,2.440092401158114,2.2077816276077695,1.394454303557879,0.8714556970980644,0.9296131790799426,0.8133829562207738
82,183,LCA,Saint Lucia,17,6,5,6,11,7,12,24,25,8,1.0044368077853099,0.3545058047246336,0.2954254153135747,0.35448874340419534,0.6498542024670082,0.41343294219031596,0.7089453124427909,1.417884070215547,1.4770693409185538,0.47260352293737196,9,15,15,10,9,20,31,3,8,15,0.5316358879935765,0.8860828589874642,0.8861748710442928,0.5908539475349454,0.5317171536600462,1.1816749502147084,1.8315859363536258,0.17726162722726335,0.47269535616006464,0.8862549091709689
83,185,VCT,Saint Vincent and the Grenadines,8,5,14,1,16,7,6,17,17,20,0.4746700994664804,0.2964887598237553,0.8304480244930799,0.05936132173333134,0.9495054021352936,0.41516791414686766,0.35616998491554835,1.0085472829489193,1.0087190482681294,1.1855865515132957,24,3,4,6,15,20,8,11,3,10,1.4240195220742207,0.17801607690291588,0.23744458523994075,0.35542592762099945,0.8901931118040975,1.186918129117435,0.47456759630311257,0.6522170677685724,0.17808531818377604,0.5934606815678158
84,187,MAF,Saint-Martin,0,0,3,0,0,0,0,0,0,0,0.0,0.0,0.17357389663280218,0.0,0.0,0.0,0.0,0.0,0.0,0.0,0,1,0,0,0,0,1,1,2,1,0.0,0.05785767955199303,0.0,0.0,0.0,0.0,0.05785796554426739,0.05785796554426739,0.11571571659561286,0.05785789404748269
85,188,WSM,Samoa,96,63,64,39,53,43,50,67,84,58,5.668687627328343,3.720120350759453,3.778895643596012,2.3035757509411416,3.130488066443415,2.5399574804637988,2.9529614770688655,3.957337661385157,4.965161948526365,3.4251939448045468,33,19,44,68,94,88,83,143,49,39,1.9496167005399847,1.1225295163746147,2.598422722551217,4.015699606936399,5.5522263371882845,5.197240254142623,4.901475310141752,8.442882668305062,2.8941363725197964,2.3036568768990278
86,190,SAU,Saudi Arabia,46082,13569,9308,3106,4914,2947,6165,4088,5875,5500,2507.1698224287284,739.3658667275346,520.0814976613407,175.33101929381073,279.17692998526667,167.3218172079992,350.46200994358855,232.37339048200326,335.38204993536345,313.83393873764663,20417,13778,16171,36169,37597,8766,4628,4998,6219,4639,1170.3534981074336,791.712484624825,893.5098304511263,1996.8858029336127,2086.7355163874076,496.81451398652865,263.14832449767584,282.49029101850846,352.99338397046154,262.1116237341938
87,191,SEN,Senegal,76515,16214,14518,9839,16930,14216,16658,15308,24894,11290,4526.319660242259,958.7197231691257,859.1998745151064,582.3447811324046,1001.0648243141022,841.1845640734282,985.8876115074131,905.965407135161,1473.4605882559533,668.3448452173722,31530,22121,16300,20986,26635,27921,16740,11292,18661,18705,1866.2608501808613,1309.0408844188337,964.4146562770803,1242.194300926883,1576.8744609279486,1652.681086583196,990.6323018224182,668.2930667345707,1104.5854545555505,1107.2563875167848
88,193,SYC,Seychelles,20,0,10,4,1,0,11,14,20,1,1.2117229267978824,0.0,0.6058569645986612,0.24235307389544763,0.06061624472697863,0.0,0.6664381737484202,0.8482038584551054,1.2119612336808556,0.06058274364902716,4,0,6,16,13,22,8,8,4,3,0.2423486538902096,0.0,0.3635356433583407,0.9693742540102019,0.7876259472834127,1.3331045484247661,0.48479642374177545,0.4847942696479612,0.24238493496715316,0.1817570094489698
89,194,SLE,Sierra Leone,27155,10724,27714,16598,27735,14697,21178,13034,13482,13105,1634.5092995706468,645.4722316470062,1667.2220249795373,998.8079823103398,1668.809927870609,884.511854743847,1274.233007264825,784.5767568763993,811.3785792711512,788.2130375706936,36079,43889,15933,23569,20837,25307,15774,30466,70077,57328,2171.703423253382,2641.2597665394837,959.231217540542,1418.4170015044217,1254.344014951829,1522.7312071427532,949.5026855869672,1833.3299591907717,4216.850060928929,3450.8187485506205
90,195,SGP,Singapore,78,68,359,355,311,124,151,436,313,310,4.739921935853436,4.132217312552255,21.815887765140808,21.573153818795234,18.899300735514224,7.535310991143017,9.176046787941093,26.495060546856937,19.02058557160028,18.83826590263883,1189,632,191,250,753,448,329,378,371,323,72.2540953193469,38.40615862910516,11.606685294454774,15.191976400057648,45.758200921393325,27.224159827518232,19.992868884694968,22.97031706515493,22.544949265608604,19.62841120904133
91,199,SLB,Solomon Islands,15261,9148,8765,6608,5397,6246,6605,12429,18509,6116,918.0525606944573,550.3362895217906,527.170151283267,397.40941207192736,324.5954633224058,375.86467169548547,397.34494629664187,747.7194005656235,1113.5118778093083,367.9944946991083,11569,7734,7128,10526,12790,10265,9521,7193,12789,8321,695.6170021738648,465.267637732477,428.8994990556551,633.4078999403628,769.3978309524813,617.6171339208842,572.8669868194619,432.808238511127,769.1816277938344,500.4527935991532
92,200,SOM,Somalia,992,465,625,578,616,677,646,1000,629,570,59.363507963983324,27.93415690686122,37.58204719761968,34.78387173591684,37.048649386321706,40.722792359862055,38.9159798255124,60.21079599070052,37.774451370837326,34.12104562219031,2653,1115,595,736,892,678,683,994,1051,992,158.89219855683797,66.95248946714199,35.676052566704804,44.20600484627113,53.56346522472596,40.879283067316656,41.08856348376854,59.899164412243366,63.25679514552139,59.729009603933974
93,201,ZAF,South Africa,4392,825,658,1052,1733,615,1236,1088,1292,604,233.25601877406217,43.44626537164999,34.702298976683295,55.69507587102614,92.0778808957129,32.4636835293781,65.67902152685083,57.67804941197407,68.26409426726164,31.39327567356663,3168,1309,726,788,984,1029,1007,850,974,1035,167.86463473282572,69.23227808597055,38.236755741551264,41.781448523170155,51.84940579100112,54.25977687355395,52.56566299167053,44.40968393567418,51.410444267788755,54.68795726483125
94,207,LKA,Sri Lanka,13686,6591,6822,14712,31571,30443,21780,11827,24719,18537,822.2705275539521,396.7801207252144,410.4293202706989,885.0890982663043,1898.224074197652,1830.9712732420899,1309.328540748258,710.7376620436382,1486.0520202550092,1114.5065815014127,63768,55705,32356,21844,18251,14421,16502,15596,42145,28903,3831.2802403448673,3346.802378381765,1945.4122421318393,1313.9198836529533,1098.5212796206886,867.168223524937,991.9266408567727,937.512487200368,2535.824290571757,1738.1610958138117
95,208,SDN,Sudan,153,69,632,559,348,392,1228,521,638,765,8.779645918977927,3.9647777724641573,36.27225239263729,32.16758052553901,19.96580662410262,22.4868431279781,70.57525589177538,29.866264176931352,36.60104530677333,43.830458398125145,9818,3525,1455,1913,2188,1293,613,591,1609,1031,562.4810531431305,201.62053781555971,83.00257752052917,109.10047811718997,125.28477181728027,74.02352119410835,35.06565745322289,33.97940939314658,92.42094234460772,59.09535911941437
96,209,SUR,Suriname,101764,43796,28010,50207,100567,35347,18238,15178,19851,25843,6153.404318529102,2648.2058727410304,1693.7048357953904,3035.8794306114555,6081.082770083743,2137.3235425080534,1102.7855249028169,917.7526007832512,1200.3181935081698,1562.684054275869,110237,22666,19561,15412,51693,22595,33491,19478,22365,42697,6665.690296630552,1370.5373599807872,1182.791424364197,931.9158201682612,3125.78051892672,1366.277839753906,2025.1752905083108,1177.7971004718681,1352.3535982100323,2581.7617511413127
97,216,TWN,Taiwan,593,291,216,382,345,237,120,63,112,174,32.92981306693643,16.149079664454664,11.999825833697262,21.172399434623937,19.142234308938036,13.135294532193624,6.676199122863944,3.4940201695624267,6.2069489715818715,9.628715301978076,265,224,246,276,394,607,303,317,289,128,14.681268122620626,12.415172843733584,13.652886093641516,15.34685955832667,21.870899743043232,33.64291378479815,16.806040855431146,17.58745452229299,16.050333403642767,7.129442990936706
98,218,TZA,Tanzania,24416,13178,24520,18905,23377,16975,18163,33570,25454,15807,1470.5994642493827,793.9749028362482,1476.8068497226652,1138.9717001829388,1407.9267649387293,1022.8523480602179,1094.4506607246979,2022.9263589711786,1532.7506154867076,951.2683629882512,49414,30120,20662,24965,29012,27001,18898,20275,20642,36991,2977.6676926012065,1814.687379120301,1244.9285780602233,1503.4265926361866,1748.273509342619,1626.273897177842,1138.9553030475843,1222.0035734201174,1243.2290898207416,2227.173777769514
99,219,THA,Thailand,37273,20634,39842,55596,72651,60571,64449,66996,73847,74130,2228.5798996443514,1232.2711722908068,2378.9625667593773,3319.450120993851,4335.404365243299,3610.3924044494447,3843.5494136992734,4003.5724755068454,4408.203376149309,4409.24782313148,186051,116858,58335,50207,69252,55598,40398,72179,44836,27584,11078.374765570414,6969.707894368329,3481.6950424515676,2998.9847422809876,4134.9758675652065,3320.5925011028867,2410.636983057007,4297.477089047188,2678.2912552954513,1650.7855663219204
100,220,TLS,Timor-Leste,809,181,194,231,446,271,314,209,266,200,48.63949402085571,10.879610074240835,11.660314954463677,13.884875327514408,26.809257572271683,16.287497103059174,18.874814203714664,12.560527075243284,15.987028891650228,12.02012583670236,684,398,187,309,262,308,257,268,172,237,41.102945699745966,23.919555811647538,11.238815788384162,18.568653470283596,15.745289915669758,18.51245450728797,15.448419445194052,16.108435443523106,10.338366828594825,14.243274373393142
101,221,TGO,Togo,45,26,37,99,58,43,55,84,117,129,2.7195190171768293,1.571256335089171,2.2360080557616464,5.982765147426182,3.505064382153913,2.5986155992254436,3.323807903208914,5.076362245727719,7.070629027621056,7.795851098667877,245,131,26,71,64,57,51,62,32,40,14.805989295745622,7.9166169436720715,1.5712589906882044,4.290722515386848,3.8676854361800417,3.4446279166908114,3.08207145886103,3.7467987325392804,1.9338357622680564,2.4172901897460966
102,223,TON,Tonga,296,402,487,551,651,425,296,367,285,208,16.921664441687078,23.103619673014357,27.764142197284507,31.424815197941523,37.12817676579412,24.26861688860511,16.97659376925703,21.018516716763315,16.293064907674726,11.93277924952372,512,304,203,443,383,423,411,540,510,525,29.225102070882947,17.355499299538785,11.59579194347325,25.43255742000197,22.00590661773883,24.200781755854592,23.450829448193694,30.844473284123758,29.043358244096794,30.019165096517916
103,224,TTO,Trinidad and Tobago,2390,793,1040,1441,1514,1071,661,2435,2168,537,142.90681131640082,47.42232154658975,62.19620024151775,86.19424760832767,90.55632367797335,64.05582454656813,39.528402301849134,145.60753645207666,129.63095314565774,32.12008721886414,3509,1234,989,1120,1726,1510,748,617,1416,3152,209.87705756316515,73.81464475127277,59.15249797358912,66.97193568762606,103.21632572631475,90.29755318857298,44.73287686784219,36.90318450027101,84.69552166153899,188.5713504300422
104,228,TCA,Turks and Caicos Islands,2749,2138,9421,9137,30873,21930,15835,7965,13431,23399,155.49735955594835,120.93875372380222,532.9060236268189,516.8214754372916,1746.2141306642366,1240.3679451809362,895.6470408496509,450.58909629191646,759.6925820836227,1323.384921668897,110009,31305,10195,18557,12810,9026,6187,16850,11137,11037,6222.979489040382,1770.7933476533203,576.6517774538161,1049.5996071774698,724.6407919316791,510.49216062526955,349.9933385955813,952.9460699779314,629.9319338784031,624.4155953470377
105,232,ARE,United Arab Emirates,15175,14736,6527,2562,3221,1729,4561,4180,3029,2906,841.0542612375701,817.0775585076506,361.20615838918746,141.3748908597059,177.32468435746182,95.45773505027924,252.4522126159236,230.7152857085296,167.43036841670303,160.88525228062943,7064,4688,10806,14141,12950,3533,1591,1988,2259,3167,388.983368817039,258.84756838614226,599.2856088975201,783.5629430568073,717.7170859034584,195.5867554323849,87.89749378856716,109.5927898354009,125.0155682172995,174.75286761486757
106,234,USA,United States,102421,52154,59078,52828,76177,43615,55364,50364,69406,70540,5588.979158619046,2846.1645164739025,3222.2750194068285,2896.1216486162016,4175.132032741777,2394.0281586784376,3035.9228710342877,2756.623830215716,3786.3121875268525,3856.411982648109,131708,94731,58999,121346,157944,65974,57683,34552,32280,46769,7212.863190608399,5190.007961778571,3223.3631288188985,6640.091722682563,8629.626056005633,3605.3614752959998,3161.594960757332,1871.0174340842887,1765.609074524485,2561.867607447829
107,238,VUT,Vanuatu,197,188,406,238,272,94,391,446,195,228,11.498365104514502,10.968180762945682,23.695682908759217,13.886459792179648,15.876909862716575,5.48061554538276,22.818091346933805,25.986529743005214,11.369521598994877,13.303132371855176,68,155,202,325,237,297,208,447,247,1356,3.9670165641953616,9.033224943317972,11.782676007440312,18.969137839314236,13.830258889687498,17.32183745414226,12.136614620229505,26.09391208764638,14.416838581611717,79.1735823978964
108,240,VEN,Venezuela,95521,29707,30867,32628,56303,36844,40946,41352,33780,28507,5727.888909188314,1781.0946489515695,1848.734148251104,1952.9834817972019,3371.4217208853483,2205.908724953994,2452.112801110282,2476.308703055673,2022.4530360119027,1706.2201169158304,118018,51110,33132,35797,50419,39264,25361,24909,24576,34752,7054.475131512333,3056.2392869660634,1982.5090834558027,2142.069914137331,3017.614484128021,2349.475178069588,1517.5910246590652,1490.315320259333,1470.504565428113,2080.390098722521
109,241,VNM,Vietnam,75140,33236,56786,60827,106427,67410,66284,80264,78599,104012,4421.6180024948935,1929.1867720712262,3324.669583131051,3574.458369496775,6268.914990396668,3963.6780581986727,3914.97722294453,4751.726845857949,4629.853415016239,6044.685320180643,182562,94369,63955,67759,126399,94370,68493,61225,72647,102057,10760.008123208889,5595.05203622566,3780.8885607989723,3998.8340010404927,7468.730985067863,5574.440994726458,4030.331563697818,3545.554755054698,4290.354393592725,6065.330998999124
110,242,VIR,"Virgin Islands, U.S.",143,108,184,196,314,149,267,226,214,155,8.28106902452912,6.25439374242173,10.659905292455267,11.358115097431579,18.198001495897117,8.630914653531072,15.47339024729559,13.096289095110084,12.402039461377953,8.985394286923778,358,128,163,148,135,205,219,248,199,240,20.74819509231621,7.416599474579572,9.443228820109123,8.57402493691455,7.822088233202372,11.874888386256623,12.689251153616556,14.373251300162856,11.531312298342495,13.905864162547656
111,245,YEM,Yemen,1707,547,1029,1104,1317,565,535,798,961,579,100.16397551886752,32.032274222692166,60.3041707372885,64.67307919148013,77.18838295095617,33.10829910434969,31.333681004229113,46.79507506246966,56.47213081828348,33.90671119200794,5416,2374,922,1174,1594,1226,780,1206,705,1467,317.4893016586166,139.14231038334017,54.00813685496095,68.79402133467163,93.56198600376247,71.84709119779309,45.69379521856673,70.63683422093276,41.29793186122835,86.03912035197537
